observableId	simulationConditionId	measurement	time	noiseParameter
GFP_obs	condition1	23.902	600	sigma
GFP_obs	condition1	17.373	1200	sigma
GFP_obs	condition1	25.82	1800	sigma
GFP_obs	condition1	17.994	2400	sigma
GFP_obs	condition1	21.05	3000	sigma
GFP_obs	condition1	20.903	3600	sigma
GFP_obs	condition1	24.944	4200	sigma
GFP_obs	condition1	46.45	4800	sigma
GFP_obs	condition1	59.947	5400	sigma
eFP_obs	condition1	71.134	6000	sigma
GFP_obs	condition1	88.25	6600	sigma
GFP_obs	condition1	105.563	7200	sigma
GFP_obs	condition1	110.9	7800	sigma
GFP_obs	condition1	125.998	8400	sigma
GFP_obs	condition1	130.767	9000	sigma
GFP_obs	condition1	143.554	9600	sigma
GFP_obs	condition1	164.395	10200	sigma
GFP_obs	condition1	184.101	10800	sigma
GFP_obs	condition1	205.309	11400	sigma
GFP_obs	condition1	227.71	12000	sigma
GFP_obs	condition1	256.998	12600	sigma
GFP_obs	condition1	286.68	13200	sigma
GFP_obs	condition1	313.308	13800	sigma
GFP_obs	condition1	347.161	14400	sigma
GFP_obs	condition1	376.314	15000	sigma
GFP_obs	condition1	410.742	15600	sigma
GFP_obs	condition1	443.397	16200	sigma
GFP_obs	condition1	474.28	16800	sigma
GFP_obs	condition1	499.35	17400	sigma
GFP_obs	condition1	538.743	18000	sigma
GFP_obs	condition1	569.86	18600	sigma
GFP_obs	condition1	604.181	19200	sigma
GFP_obs	condition1	637.269	19800	sigma
GFP_obs	condition1	666.556	20400	sigma
GFP_obs	condition1	692.862	21000	sigma
GFP_obs	condition1	723.069	21600	sigma
GFP_obs	condition1	752.62	22200	sigma
GFP_obs	condition1	785.257	22800	sigma
GFP_obs	condition1	810.6	23400	sigma
GFP_obs	condition1	834.962	24000	sigma
GFP_obs	condition1	858.219	24600	sigma
GFP_obs	condition1	884.726	25200	sigma
GFP_obs	condition1	914.651	25800	sigma
GFP_obs	condition1	929.152	26400	sigma
GFP_obs	condition1	969.681	27000	sigma
GFP_obs	condition1	984.261	27600	sigma
GFP_obs	condition1	1016.5	28200	sigma
GFP_obs	condition1	1023.248	28800	sigma
GFP_obs	condition1	1047.405	29400	sigma
GFP_obs	condition1	1067.34	30000	sigma
GFP_obs	condition1	1091.676	30600	sigma
GFP_obs	condition1	1110.961	31200	sigma
GFP_obs	condition1	1122.733	31800	sigma
GFP_obs	condition1	1143.068	32400	sigma
GFP_obs	condition1	1163.055	33000	sigma
GFP_obs	condition1	1170.568	33600	sigma
GFP_obs	condition1	1185.641	34200	sigma
GFP_obs	condition1	1203.946	34800	sigma
GFP_obs	condition1	1213.278	35400	sigma
GFP_obs	condition1	1231.545	36000	sigma
GFP_obs	condition1	1242.466	36600	sigma
GFP_obs	condition1	1256.998	37200	sigma
GFP_obs	condition1	1264.186	37800	sigma
GFP_obs	condition1	1266.658	38400	sigma
GFP_obs	condition1	1285.37	39000	sigma
GFP_obs	condition1	1298.113	39600	sigma
GFP_obs	condition1	1307.146	40200	sigma
GFP_obs	condition1	1323.579	40800	sigma
GFP_obs	condition1	1331.171	41400	sigma
GFP_obs	condition1	1346.73	42000	sigma
GFP_obs	condition1	1347.987	42600	sigma
GFP_obs	condition1	1355.768	43200	sigma
GFP_obs	condition1	1375.052	43800	sigma
GFP_obs	condition1	1360.941	44400	sigma
GFP_obs	condition1	1375.519	45000	sigma
GFP_obs	condition1	1379.149	45600	sigma
GFP_obs	condition1	1383.459	46200	sigma
GFP_obs	condition1	1393.555	46800	sigma
GFP_obs	condition1	1402.828	47400	sigma
GFP_obs	condition1	1401.681	48000	sigma
GFP_obs	condition1	1394.853	48600	sigma
GFP_obs	condition1	1398.732	49200	sigma
GFP_obs	condition1	1401.616	49800	sigma
GFP_obs	condition1	1399.723	50400	sigma
GFP_obs	condition1	1400.988	51000	sigma
GFP_obs	condition1	1391.676	51600	sigma
GFP_obs	condition1	1390.683	52200	sigma
GFP_obs	condition1	1376.236	52800	sigma
GFP_obs	condition1	1370.885	53400	sigma
GFP_obs	condition1	1364.883	54000	sigma
GFP_obs	condition1	1363.437	54600	sigma
GFP_obs	condition1	1340.568	55200	sigma
GFP_obs	condition1	1349.064	55800	sigma
GFP_obs	condition1	1334.624	56400	sigma
GFP_obs	condition1	1332.602	57000	sigma
GFP_obs	condition1	1317.481	57600	sigma
GFP_obs	condition1	1314.541	58200	sigma
GFP_obs	condition1	1286.369	58800	sigma
GFP_obs	condition1	1270.907	59400	sigma
GFP_obs	condition1	1250.172	60000	sigma
GFP_obs	condition1	1270.477	60600	sigma
GFP_obs	condition1	1236.606	61200	sigma
GFP_obs	condition1	1233.023	61800	sigma
GFP_obs	condition1	1220.552	62400	sigma
GFP_obs	condition1	1196.558	63000	sigma
GFP_obs	condition1	1187.558	63600	sigma
GFP_obs	condition1	1181.949	64200	sigma
GFP_obs	condition1	1178.485	64800	sigma
GFP_obs	condition1	1157.231	65400	sigma
GFP_obs	condition1	1155.726	66000	sigma
GFP_obs	condition1	1135.477	66600	sigma
GFP_obs	condition1	1123.27	67200	sigma
GFP_obs	condition1	1110.809	67800	sigma
GFP_obs	condition1	1102.342	68400	sigma
GFP_obs	condition1	1084.017	69000	sigma
GFP_obs	condition1	1079.015	69600	sigma
GFP_obs	condition1	1066.804	70200	sigma
GFP_obs	condition1	1046.05	70800	sigma
GFP_obs	condition1	1033.399	71400	sigma
GFP_obs	condition1	1026.324	72000	sigma
GFP_obs	condition1	1013.191	72600	sigma
GFP_obs	condition1	995.338	73200	sigma
GFP_obs	condition1	981.819	73800	sigma
GFP_obs	condition1	971.602	74400	sigma
GFP_obs	condition1	961.305	75000	sigma
GFP_obs	condition1	952.718	75600	sigma
GFP_obs	condition1	940.743	76200	sigma
GFP_obs	condition1	927.036	76800	sigma
GFP_obs	condition1	914.843	77400	sigma
GFP_obs	condition1	898.37	78000	sigma
GFP_obs	condition1	891.347	78600	sigma
GFP_obs	condition1	875.797	79200	sigma
GFP_obs	condition1	869.155	79800	sigma
GFP_obs	condition1	855.872	80400	sigma
GFP_obs	condition1	844.058	81000	sigma
GFP_obs	condition1	836.228	81600	sigma
GFP_obs	condition1	820.899	82200	sigma
GFP_obs	condition1	808.133	82800	sigma
GFP_obs	condition1	793.21	83400	sigma
GFP_obs	condition1	786.349	84000	sigma
GFP_obs	condition1	772.858	84600	sigma
GFP_obs	condition1	766.841	85200	sigma
GFP_obs	condition1	755.123	85800	sigma
GFP_obs	condition1	743.562	86400	sigma
GFP_obs	condition1	728.354	87000	sigma
GFP_obs	condition1	719.645	87600	sigma
GFP_obs	condition1	703.525	88200	sigma
GFP_obs	condition1	688.887	88800	sigma
GFP_obs	condition1	681.292	89400	sigma
GFP_obs	condition1	670.025	90000	sigma
GFP_obs	condition1	656.371	90600	sigma
GFP_obs	condition1	657.495	91200	sigma
GFP_obs	condition1	651.312	91800	sigma
GFP_obs	condition1	629.846	92400	sigma
GFP_obs	condition1	619.352	93000	sigma
GFP_obs	condition1	605.592	93600	sigma
GFP_obs	condition1	591.502	94200	sigma
GFP_obs	condition1	560.023	94800	sigma
GFP_obs	condition1	547.098	95400	sigma
GFP_obs	condition1	514.981	96000	sigma
GFP_obs	condition1	464.251	96600	sigma
GFP_obs	condition1	442.533	97200	sigma
GFP_obs	condition1	415.55	97800	sigma
GFP_obs	condition1	413.473	98400	sigma
GFP_obs	condition1	399.53	99000	sigma
GFP_obs	condition1	406.063	99600	sigma
GFP_obs	condition1	399.313	100200	sigma
GFP_obs	condition1	403.167	100800	sigma
GFP_obs	condition1	380.364	101400	sigma
GFP_obs	condition1	378.437	102000	sigma
GFP_obs	condition1	383.315	102600	sigma
GFP_obs	condition1	372.149	103200	sigma
GFP_obs	condition1	374.955	103800	sigma
GFP_obs	condition1	376.612	104400	sigma
GFP_obs	condition1	367.654	105000	sigma
GFP_obs	condition1	352.126	105600	sigma
GFP_obs	condition1	349.95	106200	sigma
GFP_obs	condition1	344.32	106800	sigma
GFP_obs	condition1	345.301	107400	sigma
GFP_obs	condition1	331.928	108000	sigma
GFP_obs	condition1	340.926	108600	sigma
GFP_obs	condition1	7.712	600	sigma
GFP_obs	condition1	7.437	1200	sigma
GFP_obs	condition1	7.494	1800	sigma
GFP_obs	condition1	7.718	2400	sigma
GFP_obs	condition1	7.359	3000	sigma
GFP_obs	condition1	7.619	3600	sigma
GFP_obs	condition1	9.036	4200	sigma
GFP_obs	condition1	9.305	4800	sigma
GFP_obs	condition1	9.23	5400	sigma
GFP_obs	condition1	10.347	6000	sigma
GFP_obs	condition1	9.491	6600	sigma
GFP_obs	condition1	12.167	7200	sigma
GFP_obs	condition1	11.739	7800	sigma
GFP_obs	condition1	11.461	8400	sigma
GFP_obs	condition1	11.781	9000	sigma
GFP_obs	condition1	11.842	9600	sigma
GFP_obs	condition1	10.843	10200	sigma
GFP_obs	condition1	11.835	10800	sigma
GFP_obs	condition1	15.891	11400	sigma
GFP_obs	condition1	22.374	12000	sigma
GFP_obs	condition1	36.954	12600	sigma
GFP_obs	condition1	48.131	13200	sigma
GFP_obs	condition1	54.785	13800	sigma
GFP_obs	condition1	66.527	14400	sigma
GFP_obs	condition1	74.375	15000	sigma
GFP_obs	condition1	88.592	15600	sigma
GFP_obs	condition1	105.483	16200	sigma
GFP_obs	condition1	111.65	16800	sigma
GFP_obs	condition1	124.245	17400	sigma
GFP_obs	condition1	130.738	18000	sigma
GFP_obs	condition1	139.637	18600	sigma
GFP_obs	condition1	153.918	19200	sigma
GFP_obs	condition1	161.551	19800	sigma
GFP_obs	condition1	165.337	20400	sigma
GFP_obs	condition1	177.329	21000	sigma
GFP_obs	condition1	184.93	21600	sigma
GFP_obs	condition1	191.981	22200	sigma
GFP_obs	condition1	196.737	22800	sigma
GFP_obs	condition1	203.091	23400	sigma
GFP_obs	condition1	201.132	24000	sigma
GFP_obs	condition1	200.517	24600	sigma
GFP_obs	condition1	203.495	25200	sigma
GFP_obs	condition1	203.356	25800	sigma
GFP_obs	condition1	202.264	26400	sigma
GFP_obs	condition1	197.925	27000	sigma
GFP_obs	condition1	198.915	27600	sigma
GFP_obs	condition1	199.976	28200	sigma
GFP_obs	condition1	199.655	28800	sigma
GFP_obs	condition1	199.711	29400	sigma
GFP_obs	condition1	203.918	30000	sigma
GFP_obs	condition1	204.922	30600	sigma
GFP_obs	condition1	209.221	31200	sigma
GFP_obs	condition1	208.862	31800	sigma
GFP_obs	condition1	212.423	32400	sigma
GFP_obs	condition1	214.029	33000	sigma
GFP_obs	condition1	221.178	33600	sigma
GFP_obs	condition1	223.142	34200	sigma
GFP_obs	condition1	225.606	34800	sigma
GFP_obs	condition1	227.705	35400	sigma
GFP_obs	condition1	233.055	36000	sigma
GFP_obs	condition1	234.41	36600	sigma
GFP_obs	condition1	236.574	37200	sigma
GFP_obs	condition1	245.646	37800	sigma
GFP_obs	condition1	245.561	38400	sigma
GFP_obs	condition1	250.057	39000	sigma
GFP_obs	condition1	250.477	39600	sigma
GFP_obs	condition1	248.903	40200	sigma
GFP_obs	condition1	248.327	40800	sigma
GFP_obs	condition1	246.46	41400	sigma
GFP_obs	condition1	246.028	42000	sigma
GFP_obs	condition1	241.424	42600	sigma
GFP_obs	condition1	240.736	43200	sigma
GFP_obs	condition1	237.581	43800	sigma
GFP_obs	condition1	232.294	44400	sigma
GFP_obs	condition1	229.734	45000	sigma
GFP_obs	condition1	225.839	45600	sigma
GFP_obs	condition1	224.778	46200	sigma
GFP_obs	condition1	221.982	46800	sigma
GFP_obs	condition1	218.63	47400	sigma
GFP_obs	condition1	215.067	48000	sigma
GFP_obs	condition1	213.582	48600	sigma
GFP_obs	condition1	211.585	49200	sigma
GFP_obs	condition1	210.067	49800	sigma
GFP_obs	condition1	207.492	50400	sigma
GFP_obs	condition1	196.866	51000	sigma
GFP_obs	condition1	199.81	51600	sigma
GFP_obs	condition1	191.195	52200	sigma
GFP_obs	condition1	196.282	52800	sigma
GFP_obs	condition1	193.886	53400	sigma
GFP_obs	condition1	187.181	54000	sigma
GFP_obs	condition1	188.354	54600	sigma
GFP_obs	condition1	183.274	55200	sigma
GFP_obs	condition1	181.596	55800	sigma
GFP_obs	condition1	178.295	56400	sigma
GFP_obs	condition1	177.901	57000	sigma
GFP_obs	condition1	172.707	57600	sigma
GFP_obs	condition1	171.773	58200	sigma
GFP_obs	condition1	167.628	58800	sigma
GFP_obs	condition1	165.607	59400	sigma
GFP_obs	condition1	162.84	60000	sigma
GFP_obs	condition1	161.559	60600	sigma
GFP_obs	condition1	158.861	61200	sigma
GFP_obs	condition1	155.802	61800	sigma
GFP_obs	condition1	153.926	62400	sigma
GFP_obs	condition1	147.93	63000	sigma
GFP_obs	condition1	147.349	63600	sigma
GFP_obs	condition1	143.741	64200	sigma
GFP_obs	condition1	137.38	64800	sigma
GFP_obs	condition1	137.342	65400	sigma
GFP_obs	condition1	137.56	66000	sigma
GFP_obs	condition1	136.377	66600	sigma
GFP_obs	condition1	131.704	67200	sigma
GFP_obs	condition1	132.284	67800	sigma
GFP_obs	condition1	131.116	68400	sigma
GFP_obs	condition1	128.25	69000	sigma
GFP_obs	condition1	123.879	69600	sigma
GFP_obs	condition1	123.325	70200	sigma
GFP_obs	condition1	122.366	70800	sigma
GFP_obs	condition1	120.549	71400	sigma
GFP_obs	condition1	120.088	72000	sigma
GFP_obs	condition1	117.545	72600	sigma
GFP_obs	condition1	116.05	73200	sigma
GFP_obs	condition1	113.091	73800	sigma
GFP_obs	condition1	109.635	74400	sigma
GFP_obs	condition1	109.389	75000	sigma
GFP_obs	condition1	106.59	75600	sigma
GFP_obs	condition1	100.523	76200	sigma
GFP_obs	condition1	101.649	76800	sigma
GFP_obs	condition1	103.334	77400	sigma
GFP_obs	condition1	102.618	78000	sigma
GFP_obs	condition1	101.646	78600	sigma
GFP_obs	condition1	97.841	79200	sigma
GFP_obs	condition1	97.483	79800	sigma
GFP_obs	condition1	97.809	80400	sigma
GFP_obs	condition1	98.033	81000	sigma
GFP_obs	condition1	95.09	81600	sigma
GFP_obs	condition1	93.869	82200	sigma
GFP_obs	condition1	91.021	82800	sigma
GFP_obs	condition1	91.663	83400	sigma
GFP_obs	condition1	90.253	84000	sigma
GFP_obs	condition1	88.604	84600	sigma
GFP_obs	condition1	86.257	85200	sigma
GFP_obs	condition1	85.491	85800	sigma
GFP_obs	condition1	85.464	86400	sigma
GFP_obs	condition1	82.26	87000	sigma
GFP_obs	condition1	84.212	87600	sigma
GFP_obs	condition1	80.992	88200	sigma
GFP_obs	condition1	80.301	88800	sigma
GFP_obs	condition1	78.51	89400	sigma
GFP_obs	condition1	77.429	90000	sigma
GFP_obs	condition1	76.213	90600	sigma
GFP_obs	condition1	77.512	91200	sigma
GFP_obs	condition1	74.909	91800	sigma
GFP_obs	condition1	74.318	92400	sigma
GFP_obs	condition1	75.163	93000	sigma
GFP_obs	condition1	73.262	93600	sigma
GFP_obs	condition1	73.162	94200	sigma
GFP_obs	condition1	68.477	94800	sigma
GFP_obs	condition1	67.774	95400	sigma
GFP_obs	condition1	68.173	96000	sigma
GFP_obs	condition1	69.904	96600	sigma
GFP_obs	condition1	66.928	97200	sigma
GFP_obs	condition1	66.716	97800	sigma
GFP_obs	condition1	63.525	98400	sigma
GFP_obs	condition1	64.057	99000	sigma
GFP_obs	condition1	66.1	99600	sigma
GFP_obs	condition1	64.605	100200	sigma
GFP_obs	condition1	61.634	100800	sigma
GFP_obs	condition1	63.718	101400	sigma
GFP_obs	condition1	62.973	102000	sigma
GFP_obs	condition1	60.978	102600	sigma
GFP_obs	condition1	61.996	103200	sigma
GFP_obs	condition1	62.353	103800	sigma
GFP_obs	condition1	60.823	104400	sigma
GFP_obs	condition1	59.67	105000	sigma
GFP_obs	condition1	55.228	105600	sigma
GFP_obs	condition1	59.104	106200	sigma
GFP_obs	condition1	58.719	106800	sigma
GFP_obs	condition1	54.668	107400	sigma
GFP_obs	condition1	56.186	108000	sigma
GFP_obs	condition1	54.582	108600	sigma
GFP_obs	condition1	8.695	600	sigma
GFP_obs	condition1	8.882	1200	sigma
GFP_obs	condition1	8.11	1800	sigma
GFP_obs	condition1	9.104	2400	sigma
GFP_obs	condition1	21.286	3000	sigma
GFP_obs	condition1	50.406	3600	sigma
GFP_obs	condition1	89.328	4200	sigma
GFP_obs	condition1	132.216	4800	sigma
GFP_obs	condition1	161.548	5400	sigma
GFP_obs	condition1	217.482	6000	sigma
GFP_obs	condition1	258.383	6600	sigma
GFP_obs	condition1	301.934	7200	sigma
GFP_obs	condition1	374.685	7800	sigma
GFP_obs	condition1	417.665	8400	sigma
GFP_obs	condition1	485.536	9000	sigma
GFP_obs	condition1	545.048	9600	sigma
GFP_obs	condition1	609.154	10200	sigma
GFP_obs	condition1	689.635	10800	sigma
GFP_obs	condition1	779.988	11400	sigma
GFP_obs	condition1	857.833	12000	sigma
GFP_obs	condition1	950.923	12600	sigma
GFP_obs	condition1	1023.391	13200	sigma
GFP_obs	condition1	1102.767	13800	sigma
GFP_obs	condition1	1192.921	14400	sigma
GFP_obs	condition1	1249.751	15000	sigma
GFP_obs	condition1	1341.079	15600	sigma
GFP_obs	condition1	1408.318	16200	sigma
GFP_obs	condition1	1468.197	16800	sigma
GFP_obs	condition1	1532.32	17400	sigma
GFP_obs	condition1	1603.705	18000	sigma
GFP_obs	condition1	1675.089	18600	sigma
GFP_obs	condition1	1739.006	19200	sigma
GFP_obs	condition1	1804.051	19800	sigma
GFP_obs	condition1	1850.806	20400	sigma
GFP_obs	condition1	1896.426	21000	sigma
GFP_obs	condition1	1964.78	21600	sigma
GFP_obs	condition1	2007.73	22200	sigma
GFP_obs	condition1	2043.669	22800	sigma
GFP_obs	condition1	2096.573	23400	sigma
GFP_obs	condition1	2124.574	24000	sigma
GFP_obs	condition1	2161.692	24600	sigma
GFP_obs	condition1	2199.824	25200	sigma
GFP_obs	condition1	2287.19	25800	sigma
GFP_obs	condition1	2296.309	26400	sigma
GFP_obs	condition1	2362.872	27000	sigma
GFP_obs	condition1	2381.608	27600	sigma
GFP_obs	condition1	2413.448	28200	sigma
GFP_obs	condition1	2409.638	28800	sigma
GFP_obs	condition1	2466.074	29400	sigma
GFP_obs	condition1	2502.277	30000	sigma
GFP_obs	condition1	2532.078	30600	sigma
GFP_obs	condition1	2550.695	31200	sigma
GFP_obs	condition1	2579.448	31800	sigma
GFP_obs	condition1	2623.043	32400	sigma
GFP_obs	condition1	2631.918	33000	sigma
GFP_obs	condition1	2660.654	33600	sigma
GFP_obs	condition1	2656.726	34200	sigma
GFP_obs	condition1	2662.529	34800	sigma
GFP_obs	condition1	2671.135	35400	sigma
GFP_obs	condition1	2690.016	36000	sigma
GFP_obs	condition1	2700.474	36600	sigma
GFP_obs	condition1	2708.436	37200	sigma
GFP_obs	condition1	2713.946	37800	sigma
GFP_obs	condition1	2713.87	38400	sigma
GFP_obs	condition1	2708.807	39000	sigma
GFP_obs	condition1	2698.838	39600	sigma
GFP_obs	condition1	2689.068	40200	sigma
GFP_obs	condition1	2672.878	40800	sigma
GFP_obs	condition1	2672.357	41400	sigma
GFP_obs	condition1	2657.454	42000	sigma
GFP_obs	condition1	2642.542	42600	sigma
GFP_obs	condition1	2616.022	43200	sigma
GFP_obs	condition1	2620.012	43800	sigma
GFP_obs	condition1	2626.333	44400	sigma
GFP_obs	condition1	2617.712	45000	sigma
GFP_obs	condition1	2609.089	45600	sigma
GFP_obs	condition1	2589.219	46200	sigma
GFP_obs	condition1	2579.43	46800	sigma
GFP_obs	condition1	2569.644	47400	sigma
GFP_obs	condition1	2526.318	48000	sigma
GFP_obs	condition1	2514.288	48600	sigma
GFP_obs	condition1	2496.139	49200	sigma
GFP_obs	condition1	2469.201	49800	sigma
GFP_obs	condition1	2444.511	50400	sigma
GFP_obs	condition1	2424.867	51000	sigma
GFP_obs	condition1	2396.788	51600	sigma
GFP_obs	condition1	2374.034	52200	sigma
GFP_obs	condition1	2334.775	52800	sigma
GFP_obs	condition1	2304.263	53400	sigma
GFP_obs	condition1	2290.55	54000	sigma
GFP_obs	condition1	2251.63	54600	sigma
GFP_obs	condition1	2226.077	55200	sigma
GFP_obs	condition1	2208.4	55800	sigma
GFP_obs	condition1	2172.012	56400	sigma
GFP_obs	condition1	2151.21	57000	sigma
GFP_obs	condition1	2114.003	57600	sigma
GFP_obs	condition1	2094.734	58200	sigma
GFP_obs	condition1	2070.45	58800	sigma
GFP_obs	condition1	2041.386	59400	sigma
GFP_obs	condition1	2019.662	60000	sigma
GFP_obs	condition1	1992.735	60600	sigma
GFP_obs	condition1	1951.736	61200	sigma
GFP_obs	condition1	1928.77	61800	sigma
GFP_obs	condition1	1901.603	62400	sigma
GFP_obs	condition1	1869.91	63000	sigma
GFP_obs	condition1	1841.41	63600	sigma
GFP_obs	condition1	1812.589	64200	sigma
GFP_obs	condition1	1796.329	64800	sigma
GFP_obs	condition1	1761.654	65400	sigma
GFP_obs	condition1	1742.38	66000	sigma
GFP_obs	condition1	1716.361	66600	sigma
GFP_obs	condition1	1684.782	67200	sigma
GFP_obs	condition1	1663.912	67800	sigma
GFP_obs	condition1	1640.163	68400	sigma
GFP_obs	condition1	1612.454	69000	sigma
GFP_obs	condition1	1586.131	69600	sigma
GFP_obs	condition1	1562.076	70200	sigma
GFP_obs	condition1	1535.626	70800	sigma
GFP_obs	condition1	1507.117	71400	sigma
GFP_obs	condition1	1472.827	72000	sigma
GFP_obs	condition1	1458.938	72600	sigma
GFP_obs	condition1	1434.046	73200	sigma
GFP_obs	condition1	1402.974	73800	sigma
GFP_obs	condition1	1388.612	74400	sigma
GFP_obs	condition1	1355.778	75000	sigma
GFP_obs	condition1	1347.483	75600	sigma
GFP_obs	condition1	1324.784	76200	sigma
GFP_obs	condition1	1298.517	76800	sigma
GFP_obs	condition1	1275.914	77400	sigma
GFP_obs	condition1	1249.911	78000	sigma
GFP_obs	condition1	1200.294	78600	sigma
GFP_obs	condition1	1160.897	79200	sigma
GFP_obs	condition1	1117.185	79800	sigma
GFP_obs	condition1	1077.147	80400	sigma
GFP_obs	condition1	1038.934	81000	sigma
GFP_obs	condition1	995.552	81600	sigma
GFP_obs	condition1	958.629	82200	sigma
GFP_obs	condition1	921.231	82800	sigma
GFP_obs	condition1	900.849	83400	sigma
GFP_obs	condition1	836.014	84000	sigma
GFP_obs	condition1	824.206	84600	sigma
GFP_obs	condition1	788.31	85200	sigma
GFP_obs	condition1	783.47	85800	sigma
GFP_obs	condition1	764.987	86400	sigma
GFP_obs	condition1	775.473	87000	sigma
GFP_obs	condition1	750.878	87600	sigma
GFP_obs	condition1	730.643	88200	sigma
GFP_obs	condition1	745.028	88800	sigma
GFP_obs	condition1	747.663	89400	sigma
GFP_obs	condition1	743.85	90000	sigma
GFP_obs	condition1	741.553	90600	sigma
GFP_obs	condition1	719.316	91200	sigma
GFP_obs	condition1	717.257	91800	sigma
GFP_obs	condition1	707.305	92400	sigma
GFP_obs	condition1	694.934	93000	sigma
GFP_obs	condition1	659.119	93600	sigma
GFP_obs	condition1	641.412	94200	sigma
GFP_obs	condition1	649.039	94800	sigma
GFP_obs	condition1	633.584	95400	sigma
GFP_obs	condition1	628.785	96000	sigma
GFP_obs	condition1	632.237	96600	sigma
GFP_obs	condition1	617.288	97200	sigma
GFP_obs	condition1	633.567	97800	sigma
GFP_obs	condition1	613.481	98400	sigma
GFP_obs	condition1	602.02	99000	sigma
GFP_obs	condition1	607.444	99600	sigma
GFP_obs	condition1	604.671	100200	sigma
GFP_obs	condition1	586.393	100800	sigma
GFP_obs	condition1	583.513	101400	sigma
GFP_obs	condition1	576.144	102000	sigma
GFP_obs	condition1	559.886	102600	sigma
GFP_obs	condition1	560.27	103200	sigma
GFP_obs	condition1	549.978	103800	sigma
GFP_obs	condition1	537.951	104400	sigma
GFP_obs	condition1	526.018	105000	sigma
GFP_obs	condition1	518.586	105600	sigma
GFP_obs	condition1	514.253	106200	sigma
GFP_obs	condition1	516.354	106800	sigma
GFP_obs	condition1	516.004	107400	sigma
GFP_obs	condition1	513.792	108000	sigma
GFP_obs	condition1	506.462	108600	sigma
GFP_obs	condition1	7.676	600	sigma
GFP_obs	condition1	7.544	1200	sigma
GFP_obs	condition1	7.246	1800	sigma
GFP_obs	condition1	7.17	2400	sigma
GFP_obs	condition1	7.305	3000	sigma
GFP_obs	condition1	7.389	3600	sigma
GFP_obs	condition1	9.055	4200	sigma
GFP_obs	condition1	9.198	4800	sigma
GFP_obs	condition1	13.263	5400	sigma
GFP_obs	condition1	52.077	6000	sigma
GFP_obs	condition1	103.998	6600	sigma
GFP_obs	condition1	148.872	7200	sigma
GFP_obs	condition1	198.064	7800	sigma
GFP_obs	condition1	250.209	8400	sigma
GFP_obs	condition1	301.365	9000	sigma
GFP_obs	condition1	353.088	9600	sigma
GFP_obs	condition1	409.732	10200	sigma
GFP_obs	condition1	461.416	10800	sigma
GFP_obs	condition1	517.332	11400	sigma
GFP_obs	condition1	575.865	12000	sigma
GFP_obs	condition1	629.424	12600	sigma
GFP_obs	condition1	688.713	13200	sigma
GFP_obs	condition1	743.104	13800	sigma
GFP_obs	condition1	797.707	14400	sigma
GFP_obs	condition1	853.783	15000	sigma
GFP_obs	condition1	913.642	15600	sigma
GFP_obs	condition1	967.836	16200	sigma
GFP_obs	condition1	1024.451	16800	sigma
GFP_obs	condition1	1080.679	17400	sigma
GFP_obs	condition1	1140.66	18000	sigma
GFP_obs	condition1	1194.052	18600	sigma
GFP_obs	condition1	1252.044	19200	sigma
GFP_obs	condition1	1303.764	19800	sigma
GFP_obs	condition1	1359.484	20400	sigma
GFP_obs	condition1	1385.1	21000	sigma
GFP_obs	condition1	1450.245	21600	sigma
GFP_obs	condition1	1492.795	22200	sigma
GFP_obs	condition1	1539.204	22800	sigma
GFP_obs	condition1	1579.998	23400	sigma
GFP_obs	condition1	1620.576	24000	sigma
GFP_obs	condition1	1657.182	24600	sigma
GFP_obs	condition1	1701.517	25200	sigma
GFP_obs	condition1	1743.185	25800	sigma
GFP_obs	condition1	1774.004	26400	sigma
GFP_obs	condition1	1817.858	27000	sigma
GFP_obs	condition1	1853.604	27600	sigma
GFP_obs	condition1	1908.197	28200	sigma
GFP_obs	condition1	1927.746	28800	sigma
GFP_obs	condition1	1962.524	29400	sigma
GFP_obs	condition1	1976.665	30000	sigma
GFP_obs	condition1	1962.685	30600	sigma
GFP_obs	condition1	1917.493	31200	sigma
GFP_obs	condition1	2016.28	31800	sigma
GFP_obs	condition1	2038.937	32400	sigma
GFP_obs	condition1	2045.173	33000	sigma
GFP_obs	condition1	2050.419	33600	sigma
GFP_obs	condition1	2063.212	34200	sigma
GFP_obs	condition1	2078.435	34800	sigma
GFP_obs	condition1	2097.196	35400	sigma
GFP_obs	condition1	2114.538	36000	sigma
GFP_obs	condition1	2126.243	36600	sigma
GFP_obs	condition1	2112.581	37200	sigma
GFP_obs	condition1	2131.772	37800	sigma
GFP_obs	condition1	2144.245	38400	sigma
GFP_obs	condition1	2170.895	39000	sigma
GFP_obs	condition1	2171.122	39600	sigma
GFP_obs	condition1	2146.555	40200	sigma
GFP_obs	condition1	2136.993	40800	sigma
GFP_obs	condition1	2109.133	41400	sigma
GFP_obs	condition1	2155.868	42000	sigma
GFP_obs	condition1	2163.188	42600	sigma
GFP_obs	condition1	2157.886	43200	sigma
GFP_obs	condition1	2170.584	43800	sigma
GFP_obs	condition1	2185.345	44400	sigma
GFP_obs	condition1	2202.346	45000	sigma
GFP_obs	condition1	2190.792	45600	sigma
GFP_obs	condition1	2189.915	46200	sigma
GFP_obs	condition1	2174.687	46800	sigma
GFP_obs	condition1	2219.023	47400	sigma
GFP_obs	condition1	2183.105	48000	sigma
GFP_obs	condition1	2158.665	48600	sigma
GFP_obs	condition1	2145.5	49200	sigma
GFP_obs	condition1	2138.226	49800	sigma
GFP_obs	condition1	2146.28	50400	sigma
GFP_obs	condition1	2151.366	51000	sigma
GFP_obs	condition1	2143.039	51600	sigma
GFP_obs	condition1	2143.341	52200	sigma
GFP_obs	condition1	2126.761	52800	sigma
GFP_obs	condition1	2130.579	53400	sigma
GFP_obs	condition1	2112.136	54000	sigma
GFP_obs	condition1	2091.428	54600	sigma
GFP_obs	condition1	2076.838	55200	sigma
GFP_obs	condition1	2082.748	55800	sigma
GFP_obs	condition1	2045.161	56400	sigma
GFP_obs	condition1	2040.538	57000	sigma
GFP_obs	condition1	2035.868	57600	sigma
GFP_obs	condition1	2023.811	58200	sigma
GFP_obs	condition1	2005.816	58800	sigma
GFP_obs	condition1	1991.677	59400	sigma
GFP_obs	condition1	2009.91	60000	sigma
GFP_obs	condition1	2035.616	60600	sigma
GFP_obs	condition1	2011.91	61200	sigma
GFP_obs	condition1	2002.982	61800	sigma
GFP_obs	condition1	2006.838	62400	sigma
GFP_obs	condition1	1987.876	63000	sigma
GFP_obs	condition1	1972.392	63600	sigma
GFP_obs	condition1	1948.923	64200	sigma
GFP_obs	condition1	1939.08	64800	sigma
GFP_obs	condition1	1915.143	65400	sigma
GFP_obs	condition1	1905.245	66000	sigma
GFP_obs	condition1	1891.429	66600	sigma
GFP_obs	condition1	1880.347	67200	sigma
GFP_obs	condition1	1865.537	67800	sigma
GFP_obs	condition1	1854.843	68400	sigma
GFP_obs	condition1	1849.716	69000	sigma
GFP_obs	condition1	1839.792	69600	sigma
GFP_obs	condition1	1822.898	70200	sigma
GFP_obs	condition1	1807.821	70800	sigma
GFP_obs	condition1	1799.9	71400	sigma
GFP_obs	condition1	1783.42	72000	sigma
GFP_obs	condition1	1772.93	72600	sigma
GFP_obs	condition1	1765.684	73200	sigma
GFP_obs	condition1	1751.242	73800	sigma
GFP_obs	condition1	1740.651	74400	sigma
GFP_obs	condition1	1747.979	75000	sigma
GFP_obs	condition1	1732.261	75600	sigma
GFP_obs	condition1	1712.521	76200	sigma
GFP_obs	condition1	1698.053	76800	sigma
GFP_obs	condition1	1677.941	77400	sigma
GFP_obs	condition1	1662.998	78000	sigma
GFP_obs	condition1	1656.571	78600	sigma
GFP_obs	condition1	1638.594	79200	sigma
GFP_obs	condition1	1623.861	79800	sigma
GFP_obs	condition1	1605.391	80400	sigma
GFP_obs	condition1	1581.818	81000	sigma
GFP_obs	condition1	1565.823	81600	sigma
GFP_obs	condition1	1551.971	82200	sigma
GFP_obs	condition1	1540.299	82800	sigma
GFP_obs	condition1	1517.886	83400	sigma
GFP_obs	condition1	1506.248	84000	sigma
GFP_obs	condition1	1479.855	84600	sigma
GFP_obs	condition1	1466.027	85200	sigma
GFP_obs	condition1	1456.89	85800	sigma
GFP_obs	condition1	1444.183	86400	sigma
GFP_obs	condition1	1431.865	87000	sigma
GFP_obs	condition1	1426.335	87600	sigma
GFP_obs	condition1	1417.163	88200	sigma
GFP_obs	condition1	1404.526	88800	sigma
GFP_obs	condition1	1393.379	89400	sigma
GFP_obs	condition1	1388.407	90000	sigma
GFP_obs	condition1	1377.512	90600	sigma
GFP_obs	condition1	1364.054	91200	sigma
GFP_obs	condition1	1355.199	91800	sigma
GFP_obs	condition1	1348.678	92400	sigma
GFP_obs	condition1	1340.926	93000	sigma
GFP_obs	condition1	1324.446	93600	sigma
GFP_obs	condition1	1311.888	94200	sigma
GFP_obs	condition1	1301.055	94800	sigma
GFP_obs	condition1	1291.379	95400	sigma
GFP_obs	condition1	1280.284	96000	sigma
GFP_obs	condition1	1275.168	96600	sigma
GFP_obs	condition1	1261.237	97200	sigma
GFP_obs	condition1	1249.94	97800	sigma
GFP_obs	condition1	1239.628	98400	sigma
GFP_obs	condition1	1229.006	99000	sigma
GFP_obs	condition1	1221.83	99600	sigma
GFP_obs	condition1	1234.717	100200	sigma
GFP_obs	condition1	1220.889	100800	sigma
GFP_obs	condition1	1200.827	101400	sigma
GFP_obs	condition1	1191.744	102000	sigma
GFP_obs	condition1	1192.777	102600	sigma
GFP_obs	condition1	1173.468	103200	sigma
GFP_obs	condition1	1164.366	103800	sigma
GFP_obs	condition1	1144.366	104400	sigma
GFP_obs	condition1	1130.506	105000	sigma
GFP_obs	condition1	1114.285	105600	sigma
GFP_obs	condition1	1103.532	106200	sigma
GFP_obs	condition1	1087.462	106800	sigma
GFP_obs	condition1	1072.173	107400	sigma
GFP_obs	condition1	1065.036	108000	sigma
GFP_obs	condition1	1058.278	108600	sigma
GFP_obs	condition1	7.676	600	sigma
GFP_obs	condition1	7.544	1200	sigma
GFP_obs	condition1	7.246	1800	sigma
GFP_obs	condition1	7.17	2400	sigma
GFP_obs	condition1	7.305	3000	sigma
GFP_obs	condition1	7.389	3600	sigma
GFP_obs	condition1	9.055	4200	sigma
GFP_obs	condition1	9.198	4800	sigma
GFP_obs	condition1	13.263	5400	sigma
GFP_obs	condition1	52.077	6000	sigma
GFP_obs	condition1	103.998	6600	sigma
GFP_obs	condition1	148.872	7200	sigma
GFP_obs	condition1	198.064	7800	sigma
GFP_obs	condition1	250.209	8400	sigma
GFP_obs	condition1	301.365	9000	sigma
GFP_obs	condition1	353.088	9600	sigma
GFP_obs	condition1	409.732	10200	sigma
GFP_obs	condition1	461.416	10800	sigma
GFP_obs	condition1	517.332	11400	sigma
GFP_obs	condition1	575.865	12000	sigma
GFP_obs	condition1	629.424	12600	sigma
GFP_obs	condition1	688.713	13200	sigma
GFP_obs	condition1	743.104	13800	sigma
GFP_obs	condition1	797.707	14400	sigma
GFP_obs	condition1	853.783	15000	sigma
GFP_obs	condition1	913.642	15600	sigma
GFP_obs	condition1	967.836	16200	sigma
GFP_obs	condition1	1024.451	16800	sigma
GFP_obs	condition1	1080.679	17400	sigma
GFP_obs	condition1	1140.66	18000	sigma
GFP_obs	condition1	1194.052	18600	sigma
GFP_obs	condition1	1252.044	19200	sigma
GFP_obs	condition1	1303.764	19800	sigma
GFP_obs	condition1	1359.484	20400	sigma
GFP_obs	condition1	1385.1	21000	sigma
GFP_obs	condition1	1450.245	21600	sigma
GFP_obs	condition1	1492.795	22200	sigma
GFP_obs	condition1	1539.204	22800	sigma
GFP_obs	condition1	1579.998	23400	sigma
GFP_obs	condition1	1620.576	24000	sigma
GFP_obs	condition1	1657.182	24600	sigma
GFP_obs	condition1	1701.517	25200	sigma
GFP_obs	condition1	1743.185	25800	sigma
GFP_obs	condition1	1774.004	26400	sigma
GFP_obs	condition1	1817.858	27000	sigma
GFP_obs	condition1	1853.604	27600	sigma
GFP_obs	condition1	1908.197	28200	sigma
GFP_obs	condition1	1927.746	28800	sigma
GFP_obs	condition1	1962.524	29400	sigma
GFP_obs	condition1	1976.665	30000	sigma
GFP_obs	condition1	1962.685	30600	sigma
GFP_obs	condition1	1917.493	31200	sigma
GFP_obs	condition1	2016.28	31800	sigma
GFP_obs	condition1	2038.937	32400	sigma
GFP_obs	condition1	2045.173	33000	sigma
GFP_obs	condition1	2050.419	33600	sigma
GFP_obs	condition1	2063.212	34200	sigma
GFP_obs	condition1	2078.435	34800	sigma
GFP_obs	condition1	2097.196	35400	sigma
GFP_obs	condition1	2114.538	36000	sigma
GFP_obs	condition1	2126.243	36600	sigma
GFP_obs	condition1	2112.581	37200	sigma
GFP_obs	condition1	2131.772	37800	sigma
GFP_obs	condition1	2144.245	38400	sigma
GFP_obs	condition1	2170.895	39000	sigma
GFP_obs	condition1	2171.122	39600	sigma
GFP_obs	condition1	2146.555	40200	sigma
GFP_obs	condition1	2136.993	40800	sigma
GFP_obs	condition1	2109.133	41400	sigma
GFP_obs	condition1	2155.868	42000	sigma
GFP_obs	condition1	2163.188	42600	sigma
GFP_obs	condition1	2157.886	43200	sigma
GFP_obs	condition1	2170.584	43800	sigma
GFP_obs	condition1	2185.345	44400	sigma
GFP_obs	condition1	2202.346	45000	sigma
GFP_obs	condition1	2190.792	45600	sigma
GFP_obs	condition1	2189.915	46200	sigma
GFP_obs	condition1	2174.687	46800	sigma
GFP_obs	condition1	2219.023	47400	sigma
GFP_obs	condition1	2183.105	48000	sigma
GFP_obs	condition1	2158.665	48600	sigma
GFP_obs	condition1	2145.5	49200	sigma
GFP_obs	condition1	2138.226	49800	sigma
GFP_obs	condition1	2146.28	50400	sigma
GFP_obs	condition1	2151.366	51000	sigma
GFP_obs	condition1	2143.039	51600	sigma
GFP_obs	condition1	2143.341	52200	sigma
GFP_obs	condition1	2126.761	52800	sigma
GFP_obs	condition1	2130.579	53400	sigma
GFP_obs	condition1	2112.136	54000	sigma
GFP_obs	condition1	2091.428	54600	sigma
GFP_obs	condition1	2076.838	55200	sigma
GFP_obs	condition1	2082.748	55800	sigma
GFP_obs	condition1	2045.161	56400	sigma
GFP_obs	condition1	2040.538	57000	sigma
GFP_obs	condition1	2035.868	57600	sigma
GFP_obs	condition1	2023.811	58200	sigma
GFP_obs	condition1	2005.816	58800	sigma
GFP_obs	condition1	1991.677	59400	sigma
GFP_obs	condition1	2009.91	60000	sigma
GFP_obs	condition1	2035.616	60600	sigma
GFP_obs	condition1	2011.91	61200	sigma
GFP_obs	condition1	2002.982	61800	sigma
GFP_obs	condition1	2006.838	62400	sigma
GFP_obs	condition1	1987.876	63000	sigma
GFP_obs	condition1	1972.392	63600	sigma
GFP_obs	condition1	1948.923	64200	sigma
GFP_obs	condition1	1939.08	64800	sigma
GFP_obs	condition1	1915.143	65400	sigma
GFP_obs	condition1	1905.245	66000	sigma
GFP_obs	condition1	1891.429	66600	sigma
GFP_obs	condition1	1880.347	67200	sigma
GFP_obs	condition1	1865.537	67800	sigma
GFP_obs	condition1	1854.843	68400	sigma
GFP_obs	condition1	1849.716	69000	sigma
GFP_obs	condition1	1839.792	69600	sigma
GFP_obs	condition1	1822.898	70200	sigma
GFP_obs	condition1	1807.821	70800	sigma
GFP_obs	condition1	1799.9	71400	sigma
GFP_obs	condition1	1783.42	72000	sigma
GFP_obs	condition1	1772.93	72600	sigma
GFP_obs	condition1	1765.684	73200	sigma
GFP_obs	condition1	1751.242	73800	sigma
GFP_obs	condition1	1740.651	74400	sigma
GFP_obs	condition1	1747.979	75000	sigma
GFP_obs	condition1	1732.261	75600	sigma
GFP_obs	condition1	1712.521	76200	sigma
GFP_obs	condition1	1698.053	76800	sigma
GFP_obs	condition1	1677.941	77400	sigma
GFP_obs	condition1	1662.998	78000	sigma
GFP_obs	condition1	1656.571	78600	sigma
GFP_obs	condition1	1638.594	79200	sigma
GFP_obs	condition1	1623.861	79800	sigma
GFP_obs	condition1	1605.391	80400	sigma
GFP_obs	condition1	1581.818	81000	sigma
GFP_obs	condition1	1565.823	81600	sigma
GFP_obs	condition1	1551.971	82200	sigma
GFP_obs	condition1	1540.299	82800	sigma
GFP_obs	condition1	1517.886	83400	sigma
GFP_obs	condition1	1506.248	84000	sigma
GFP_obs	condition1	1479.855	84600	sigma
GFP_obs	condition1	1466.027	85200	sigma
GFP_obs	condition1	1456.89	85800	sigma
GFP_obs	condition1	1444.183	86400	sigma
GFP_obs	condition1	1431.865	87000	sigma
GFP_obs	condition1	1426.335	87600	sigma
GFP_obs	condition1	1417.163	88200	sigma
GFP_obs	condition1	1404.526	88800	sigma
GFP_obs	condition1	1393.379	89400	sigma
GFP_obs	condition1	1388.407	90000	sigma
GFP_obs	condition1	1377.512	90600	sigma
GFP_obs	condition1	1364.054	91200	sigma
GFP_obs	condition1	1355.199	91800	sigma
GFP_obs	condition1	1348.678	92400	sigma
GFP_obs	condition1	1340.926	93000	sigma
GFP_obs	condition1	1324.446	93600	sigma
GFP_obs	condition1	1311.888	94200	sigma
GFP_obs	condition1	1301.055	94800	sigma
GFP_obs	condition1	1291.379	95400	sigma
GFP_obs	condition1	1280.284	96000	sigma
GFP_obs	condition1	1275.168	96600	sigma
GFP_obs	condition1	1261.237	97200	sigma
GFP_obs	condition1	1249.94	97800	sigma
GFP_obs	condition1	1239.628	98400	sigma
GFP_obs	condition1	1229.006	99000	sigma
GFP_obs	condition1	1221.83	99600	sigma
GFP_obs	condition1	1234.717	100200	sigma
GFP_obs	condition1	1220.889	100800	sigma
GFP_obs	condition1	1200.827	101400	sigma
GFP_obs	condition1	1191.744	102000	sigma
GFP_obs	condition1	1192.777	102600	sigma
GFP_obs	condition1	1173.468	103200	sigma
GFP_obs	condition1	1164.366	103800	sigma
GFP_obs	condition1	1144.366	104400	sigma
GFP_obs	condition1	1130.506	105000	sigma
GFP_obs	condition1	1114.285	105600	sigma
GFP_obs	condition1	1103.532	106200	sigma
GFP_obs	condition1	1087.462	106800	sigma
GFP_obs	condition1	1072.173	107400	sigma
GFP_obs	condition1	1065.036	108000	sigma
GFP_obs	condition1	1058.278	108600	sigma
GFP_obs	condition1	7.636	600	sigma
GFP_obs	condition1	7.58	1200	sigma
GFP_obs	condition1	7.27	1800	sigma
GFP_obs	condition1	7.151	2400	sigma
GFP_obs	condition1	7.405	3000	sigma
GFP_obs	condition1	7.31	3600	sigma
GFP_obs	condition1	9.262	4200	sigma
GFP_obs	condition1	8.958	4800	sigma
GFP_obs	condition1	9.391	5400	sigma
GFP_obs	condition1	9.452	6000	sigma
GFP_obs	condition1	10.276	6600	sigma
GFP_obs	condition1	28.714	7200	sigma
GFP_obs	condition1	39.045	7800	sigma
GFP_obs	condition1	59.439	8400	sigma
GFP_obs	condition1	81.085	9000	sigma
GFP_obs	condition1	99.951	9600	sigma
GFP_obs	condition1	132.527	10200	sigma
GFP_obs	condition1	160.734	10800	sigma
GFP_obs	condition1	178.275	11400	sigma
GFP_obs	condition1	197.441	12000	sigma
GFP_obs	condition1	226.579	12600	sigma
GFP_obs	condition1	241.395	13200	sigma
GFP_obs	condition1	254.619	13800	sigma
GFP_obs	condition1	283.5	14400	sigma
GFP_obs	condition1	317.804	15000	sigma
GFP_obs	condition1	335.634	15600	sigma
GFP_obs	condition1	355.684	16200	sigma
GFP_obs	condition1	392.431	16800	sigma
GFP_obs	condition1	408.835	17400	sigma
GFP_obs	condition1	405.178	18000	sigma
GFP_obs	condition1	441.311	18600	sigma
GFP_obs	condition1	474.841	19200	sigma
GFP_obs	condition1	519.154	19800	sigma
GFP_obs	condition1	536.055	20400	sigma
GFP_obs	condition1	533.462	21000	sigma
GFP_obs	condition1	536.302	21600	sigma
GFP_obs	condition1	532.692	22200	sigma
GFP_obs	condition1	548.491	22800	sigma
GFP_obs	condition1	570.783	23400	sigma
GFP_obs	condition1	587.87	24000	sigma
GFP_obs	condition1	601.765	24600	sigma
GFP_obs	condition1	630.25	25200	sigma
GFP_obs	condition1	627.122	25800	sigma
GFP_obs	condition1	649.886	26400	sigma
GFP_obs	condition1	658.004	27000	sigma
GFP_obs	condition1	697.325	27600	sigma
GFP_obs	condition1	712.566	28200	sigma
GFP_obs	condition1	750.108	28800	sigma
GFP_obs	condition1	768.868	29400	sigma
GFP_obs	condition1	804.931	30000	sigma
GFP_obs	condition1	805.385	30600	sigma
GFP_obs	condition1	825.431	31200	sigma
GFP_obs	condition1	824.862	31800	sigma
GFP_obs	condition1	849.046	32400	sigma
GFP_obs	condition1	852.883	33000	sigma
GFP_obs	condition1	875.89	33600	sigma
GFP_obs	condition1	881.778	34200	sigma
GFP_obs	condition1	901.133	34800	sigma
GFP_obs	condition1	908.287	35400	sigma
GFP_obs	condition1	914.513	36000	sigma
GFP_obs	condition1	929.157	36600	sigma
GFP_obs	condition1	949.995	37200	sigma
GFP_obs	condition1	958.238	37800	sigma
GFP_obs	condition1	952.232	38400	sigma
GFP_obs	condition1	969.402	39000	sigma
GFP_obs	condition1	974.184	39600	sigma
GFP_obs	condition1	989.546	40200	sigma
GFP_obs	condition1	997.2	40800	sigma
GFP_obs	condition1	1007.867	41400	sigma
GFP_obs	condition1	1012.614	42000	sigma
GFP_obs	condition1	1016.71	42600	sigma
GFP_obs	condition1	1016.997	43200	sigma
GFP_obs	condition1	1026.51	43800	sigma
GFP_obs	condition1	1027.472	44400	sigma
GFP_obs	condition1	1032.649	45000	sigma
GFP_obs	condition1	1037.012	45600	sigma
GFP_obs	condition1	1043.174	46200	sigma
GFP_obs	condition1	1048.402	46800	sigma
GFP_obs	condition1	1049.026	47400	sigma
GFP_obs	condition1	1052.536	48000	sigma
GFP_obs	condition1	1049.921	48600	sigma
GFP_obs	condition1	1053.908	49200	sigma
GFP_obs	condition1	1051.086	49800	sigma
GFP_obs	condition1	1050.079	50400	sigma
GFP_obs	condition1	1046.378	51000	sigma
GFP_obs	condition1	1045.363	51600	sigma
GFP_obs	condition1	1043.947	52200	sigma
GFP_obs	condition1	1039.617	52800	sigma
GFP_obs	condition1	1033.459	53400	sigma
GFP_obs	condition1	1024.504	54000	sigma
GFP_obs	condition1	1017.039	54600	sigma
GFP_obs	condition1	1006.949	55200	sigma
GFP_obs	condition1	1004.269	55800	sigma
GFP_obs	condition1	993.933	56400	sigma
GFP_obs	condition1	989.065	57000	sigma
GFP_obs	condition1	982.654	57600	sigma
GFP_obs	condition1	972.333	58200	sigma
GFP_obs	condition1	959.326	58800	sigma
GFP_obs	condition1	948.515	59400	sigma
GFP_obs	condition1	945.828	60000	sigma
GFP_obs	condition1	934.862	60600	sigma
GFP_obs	condition1	924.623	61200	sigma
GFP_obs	condition1	912.395	61800	sigma
GFP_obs	condition1	901.817	62400	sigma
GFP_obs	condition1	886.505	63000	sigma
GFP_obs	condition1	871.14	63600	sigma
GFP_obs	condition1	855.947	64200	sigma
GFP_obs	condition1	851.125	64800	sigma
GFP_obs	condition1	835.038	65400	sigma
GFP_obs	condition1	817.935	66000	sigma
GFP_obs	condition1	811.452	66600	sigma
GFP_obs	condition1	801.622	67200	sigma
GFP_obs	condition1	784.998	67800	sigma
GFP_obs	condition1	771.77	68400	sigma
GFP_obs	condition1	761.762	69000	sigma
GFP_obs	condition1	744.002	69600	sigma
GFP_obs	condition1	734.935	70200	sigma
GFP_obs	condition1	723.268	70800	sigma
GFP_obs	condition1	707.602	71400	sigma
GFP_obs	condition1	695.033	72000	sigma
GFP_obs	condition1	684.844	72600	sigma
GFP_obs	condition1	672.955	73200	sigma
GFP_obs	condition1	659.526	73800	sigma
GFP_obs	condition1	649.674	74400	sigma
GFP_obs	condition1	639.962	75000	sigma
GFP_obs	condition1	627.982	75600	sigma
GFP_obs	condition1	612.694	76200	sigma
GFP_obs	condition1	603.385	76800	sigma
GFP_obs	condition1	595.504	77400	sigma
GFP_obs	condition1	581.585	78000	sigma
GFP_obs	condition1	568.018	78600	sigma
GFP_obs	condition1	563.204	79200	sigma
GFP_obs	condition1	551.939	79800	sigma
GFP_obs	condition1	538.439	80400	sigma
GFP_obs	condition1	530.832	81000	sigma
GFP_obs	condition1	523.761	81600	sigma
GFP_obs	condition1	515.935	82200	sigma
GFP_obs	condition1	504.351	82800	sigma
GFP_obs	condition1	494.14	83400	sigma
GFP_obs	condition1	484.43	84000	sigma
GFP_obs	condition1	471.406	84600	sigma
GFP_obs	condition1	464.523	85200	sigma
GFP_obs	condition1	454.686	85800	sigma
GFP_obs	condition1	445.862	86400	sigma
GFP_obs	condition1	437.814	87000	sigma
GFP_obs	condition1	427.22	87600	sigma
GFP_obs	condition1	418.259	88200	sigma
GFP_obs	condition1	410.927	88800	sigma
GFP_obs	condition1	399.99	89400	sigma
GFP_obs	condition1	393.429	90000	sigma
GFP_obs	condition1	386.094	90600	sigma
GFP_obs	condition1	377.05	91200	sigma
GFP_obs	condition1	371.222	91800	sigma
GFP_obs	condition1	365.756	92400	sigma
GFP_obs	condition1	357.661	93000	sigma
GFP_obs	condition1	349.219	93600	sigma
GFP_obs	condition1	343.285	94200	sigma
GFP_obs	condition1	336.505	94800	sigma
GFP_obs	condition1	328.86	95400	sigma
GFP_obs	condition1	321.81	96000	sigma
GFP_obs	condition1	314.206	96600	sigma
GFP_obs	condition1	306.935	97200	sigma
GFP_obs	condition1	300.601	97800	sigma
GFP_obs	condition1	294.892	98400	sigma
GFP_obs	condition1	288.99	99000	sigma
GFP_obs	condition1	281.653	99600	sigma
GFP_obs	condition1	276.975	100200	sigma
GFP_obs	condition1	268.881	100800	sigma
GFP_obs	condition1	265.361	101400	sigma
GFP_obs	condition1	263.46	102000	sigma
GFP_obs	condition1	252.431	102600	sigma
GFP_obs	condition1	249.327	103200	sigma
GFP_obs	condition1	240.332	103800	sigma
GFP_obs	condition1	235.117	104400	sigma
GFP_obs	condition1	230.845	105000	sigma
GFP_obs	condition1	226.028	105600	sigma
GFP_obs	condition1	224.827	106200	sigma
GFP_obs	condition1	220.446	106800	sigma
GFP_obs	condition1	209.789	107400	sigma
GFP_obs	condition1	206.335	108000	sigma
GFP_obs	condition1	199.269	108600	sigma
GFP_obs	condition1	8.403	600	sigma
GFP_obs	condition1	8.245	1200	sigma
GFP_obs	condition1	7.77	1800	sigma
GFP_obs	condition1	7.657	2400	sigma
GFP_obs	condition1	7.418	3000	sigma
GFP_obs	condition1	7.15	3600	sigma
GFP_obs	condition1	9.376	4200	sigma
GFP_obs	condition1	9.359	4800	sigma
GFP_obs	condition1	9.449	5400	sigma
GFP_obs	condition1	9.895	6000	sigma
GFP_obs	condition1	9.671	6600	sigma
GFP_obs	condition1	10.457	7200	sigma
GFP_obs	condition1	12.838	7800	sigma
GFP_obs	condition1	23.439	8400	sigma
GFP_obs	condition1	61.84	9000	sigma
GFP_obs	condition1	99.745	9600	sigma
GFP_obs	condition1	123.563	10200	sigma
GFP_obs	condition1	143.188	10800	sigma
GFP_obs	condition1	165.638	11400	sigma
GFP_obs	condition1	183.064	12000	sigma
GFP_obs	condition1	203.694	12600	sigma
GFP_obs	condition1	221.621	13200	sigma
GFP_obs	condition1	238.885	13800	sigma
GFP_obs	condition1	257.819	14400	sigma
GFP_obs	condition1	278.31	15000	sigma
GFP_obs	condition1	295.608	15600	sigma
GFP_obs	condition1	311.023	16200	sigma
GFP_obs	condition1	328.514	16800	sigma
GFP_obs	condition1	343.141	17400	sigma
GFP_obs	condition1	358.124	18000	sigma
GFP_obs	condition1	363.29	18600	sigma
GFP_obs	condition1	384.459	19200	sigma
GFP_obs	condition1	388.289	19800	sigma
GFP_obs	condition1	413.664	20400	sigma
GFP_obs	condition1	422.098	21000	sigma
GFP_obs	condition1	438.543	21600	sigma
GFP_obs	condition1	446.428	22200	sigma
GFP_obs	condition1	458.346	22800	sigma
GFP_obs	condition1	467.354	23400	sigma
GFP_obs	condition1	484.802	24000	sigma
GFP_obs	condition1	498.131	24600	sigma
GFP_obs	condition1	507.344	25200	sigma
GFP_obs	condition1	521.383	25800	sigma
GFP_obs	condition1	537.05	26400	sigma
GFP_obs	condition1	548.22	27000	sigma
GFP_obs	condition1	555.714	27600	sigma
GFP_obs	condition1	561.888	28200	sigma
GFP_obs	condition1	585.694	28800	sigma
GFP_obs	condition1	586.896	29400	sigma
GFP_obs	condition1	588.347	30000	sigma
GFP_obs	condition1	598.714	30600	sigma
GFP_obs	condition1	585.818	31200	sigma
GFP_obs	condition1	620.153	31800	sigma
GFP_obs	condition1	626.177	32400	sigma
GFP_obs	condition1	622.056	33000	sigma
GFP_obs	condition1	637.306	33600	sigma
GFP_obs	condition1	620.194	34200	sigma
GFP_obs	condition1	632.304	34800	sigma
GFP_obs	condition1	633.616	35400	sigma
GFP_obs	condition1	654.499	36000	sigma
GFP_obs	condition1	667.421	36600	sigma
GFP_obs	condition1	672.04	37200	sigma
GFP_obs	condition1	674.696	37800	sigma
GFP_obs	condition1	684.374	38400	sigma
GFP_obs	condition1	687.57	39000	sigma
GFP_obs	condition1	690.131	39600	sigma
GFP_obs	condition1	693.003	40200	sigma
GFP_obs	condition1	682.427	40800	sigma
GFP_obs	condition1	669.845	41400	sigma
GFP_obs	condition1	658.653	42000	sigma
GFP_obs	condition1	571.173	42600	sigma
GFP_obs	condition1	635.594	43200	sigma
GFP_obs	condition1	618.724	43800	sigma
GFP_obs	condition1	616.086	44400	sigma
GFP_obs	condition1	601.792	45000	sigma
GFP_obs	condition1	597.569	45600	sigma
GFP_obs	condition1	595.365	46200	sigma
GFP_obs	condition1	591.52	46800	sigma
GFP_obs	condition1	591.653	47400	sigma
GFP_obs	condition1	591.859	48000	sigma
GFP_obs	condition1	594.412	48600	sigma
GFP_obs	condition1	605.53	49200	sigma
GFP_obs	condition1	604.438	49800	sigma
GFP_obs	condition1	612.653	50400	sigma
GFP_obs	condition1	620.205	51000	sigma
GFP_obs	condition1	634.918	51600	sigma
GFP_obs	condition1	635.593	52200	sigma
GFP_obs	condition1	629.417	52800	sigma
GFP_obs	condition1	637.524	53400	sigma
GFP_obs	condition1	645.033	54000	sigma
GFP_obs	condition1	645.742	54600	sigma
GFP_obs	condition1	645.298	55200	sigma
GFP_obs	condition1	648.604	55800	sigma
GFP_obs	condition1	645.181	56400	sigma
GFP_obs	condition1	644.534	57000	sigma
GFP_obs	condition1	650.403	57600	sigma
GFP_obs	condition1	647.648	58200	sigma
GFP_obs	condition1	645.563	58800	sigma
GFP_obs	condition1	645.455	59400	sigma
GFP_obs	condition1	646.616	60000	sigma
GFP_obs	condition1	647.203	60600	sigma
GFP_obs	condition1	643.561	61200	sigma
GFP_obs	condition1	642.109	61800	sigma
GFP_obs	condition1	638.198	62400	sigma
GFP_obs	condition1	640.338	63000	sigma
GFP_obs	condition1	631.442	63600	sigma
GFP_obs	condition1	624.05	64200	sigma
GFP_obs	condition1	626.063	64800	sigma
GFP_obs	condition1	620.868	65400	sigma
GFP_obs	condition1	617.667	66000	sigma
GFP_obs	condition1	617.284	66600	sigma
GFP_obs	condition1	613.688	67200	sigma
GFP_obs	condition1	601.622	67800	sigma
GFP_obs	condition1	596.201	68400	sigma
GFP_obs	condition1	591.056	69000	sigma
GFP_obs	condition1	597.778	69600	sigma
GFP_obs	condition1	593.987	70200	sigma
GFP_obs	condition1	592.593	70800	sigma
GFP_obs	condition1	592.422	71400	sigma
GFP_obs	condition1	582.725	72000	sigma
GFP_obs	condition1	579.617	72600	sigma
GFP_obs	condition1	576.448	73200	sigma
GFP_obs	condition1	568.267	73800	sigma
GFP_obs	condition1	566.138	74400	sigma
GFP_obs	condition1	562.31	75000	sigma
GFP_obs	condition1	553.005	75600	sigma
GFP_obs	condition1	550.044	76200	sigma
GFP_obs	condition1	545.454	76800	sigma
GFP_obs	condition1	545.349	77400	sigma
GFP_obs	condition1	538.585	78000	sigma
GFP_obs	condition1	530.815	78600	sigma
GFP_obs	condition1	521.419	79200	sigma
GFP_obs	condition1	517.126	79800	sigma
GFP_obs	condition1	518.866	80400	sigma
GFP_obs	condition1	510.363	81000	sigma
GFP_obs	condition1	508.058	81600	sigma
GFP_obs	condition1	499.657	82200	sigma
GFP_obs	condition1	496.765	82800	sigma
GFP_obs	condition1	492.521	83400	sigma
GFP_obs	condition1	486.493	84000	sigma
GFP_obs	condition1	476.949	84600	sigma
GFP_obs	condition1	474.386	85200	sigma
GFP_obs	condition1	468.982	85800	sigma
GFP_obs	condition1	462.726	86400	sigma
GFP_obs	condition1	455.173	87000	sigma
GFP_obs	condition1	450.669	87600	sigma
GFP_obs	condition1	429.35	88200	sigma
GFP_obs	condition1	438.107	88800	sigma
GFP_obs	condition1	428.514	89400	sigma
GFP_obs	condition1	427.024	90000	sigma
GFP_obs	condition1	421.886	90600	sigma
GFP_obs	condition1	410.115	91200	sigma
GFP_obs	condition1	408.64	91800	sigma
GFP_obs	condition1	406.664	92400	sigma
GFP_obs	condition1	401.826	93000	sigma
GFP_obs	condition1	384.168	93600	sigma
GFP_obs	condition1	392.38	94200	sigma
GFP_obs	condition1	383.991	94800	sigma
GFP_obs	condition1	381.387	95400	sigma
GFP_obs	condition1	347.349	96000	sigma
GFP_obs	condition1	366.509	96600	sigma
GFP_obs	condition1	361.146	97200	sigma
GFP_obs	condition1	359.681	97800	sigma
GFP_obs	condition1	355.071	98400	sigma
GFP_obs	condition1	350.581	99000	sigma
GFP_obs	condition1	348.821	99600	sigma
GFP_obs	condition1	337.316	100200	sigma
GFP_obs	condition1	331.595	100800	sigma
GFP_obs	condition1	335.304	101400	sigma
GFP_obs	condition1	327.598	102000	sigma
GFP_obs	condition1	322.783	102600	sigma
GFP_obs	condition1	314.026	103200	sigma
GFP_obs	condition1	307.796	103800	sigma
GFP_obs	condition1	298.018	104400	sigma
GFP_obs	condition1	286.525	105000	sigma
GFP_obs	condition1	292.942	105600	sigma
GFP_obs	condition1	275.046	106200	sigma
GFP_obs	condition1	274.382	106800	sigma
GFP_obs	condition1	275.183	107400	sigma
GFP_obs	condition1	283.432	108000	sigma
GFP_obs	condition1	280.663	108600	sigma
GFP_obs	condition1	8.403	600	sigma
GFP_obs	condition1	8.245	1200	sigma
GFP_obs	condition1	7.77	1800	sigma
GFP_obs	condition1	7.657	2400	sigma
GFP_obs	condition1	7.418	3000	sigma
GFP_obs	condition1	7.15	3600	sigma
GFP_obs	condition1	9.376	4200	sigma
GFP_obs	condition1	9.359	4800	sigma
GFP_obs	condition1	9.449	5400	sigma
GFP_obs	condition1	9.895	6000	sigma
GFP_obs	condition1	9.671	6600	sigma
GFP_obs	condition1	10.457	7200	sigma
GFP_obs	condition1	12.838	7800	sigma
GFP_obs	condition1	23.439	8400	sigma
GFP_obs	condition1	61.84	9000	sigma
GFP_obs	condition1	99.745	9600	sigma
GFP_obs	condition1	123.563	10200	sigma
GFP_obs	condition1	143.188	10800	sigma
GFP_obs	condition1	165.638	11400	sigma
GFP_obs	condition1	183.064	12000	sigma
GFP_obs	condition1	203.694	12600	sigma
GFP_obs	condition1	221.621	13200	sigma
GFP_obs	condition1	238.885	13800	sigma
GFP_obs	condition1	257.819	14400	sigma
GFP_obs	condition1	278.31	15000	sigma
GFP_obs	condition1	295.608	15600	sigma
GFP_obs	condition1	311.023	16200	sigma
GFP_obs	condition1	328.514	16800	sigma
GFP_obs	condition1	343.141	17400	sigma
GFP_obs	condition1	358.124	18000	sigma
GFP_obs	condition1	363.29	18600	sigma
GFP_obs	condition1	384.459	19200	sigma
GFP_obs	condition1	388.289	19800	sigma
GFP_obs	condition1	413.664	20400	sigma
GFP_obs	condition1	422.098	21000	sigma
GFP_obs	condition1	438.543	21600	sigma
GFP_obs	condition1	446.428	22200	sigma
GFP_obs	condition1	458.346	22800	sigma
GFP_obs	condition1	467.354	23400	sigma
GFP_obs	condition1	484.802	24000	sigma
GFP_obs	condition1	498.131	24600	sigma
GFP_obs	condition1	507.344	25200	sigma
GFP_obs	condition1	521.383	25800	sigma
GFP_obs	condition1	537.05	26400	sigma
GFP_obs	condition1	548.22	27000	sigma
GFP_obs	condition1	555.714	27600	sigma
GFP_obs	condition1	561.888	28200	sigma
GFP_obs	condition1	585.694	28800	sigma
GFP_obs	condition1	586.896	29400	sigma
GFP_obs	condition1	588.347	30000	sigma
GFP_obs	condition1	598.714	30600	sigma
GFP_obs	condition1	585.818	31200	sigma
GFP_obs	condition1	620.153	31800	sigma
GFP_obs	condition1	626.177	32400	sigma
GFP_obs	condition1	622.056	33000	sigma
GFP_obs	condition1	637.306	33600	sigma
GFP_obs	condition1	620.194	34200	sigma
GFP_obs	condition1	632.304	34800	sigma
GFP_obs	condition1	633.616	35400	sigma
GFP_obs	condition1	654.499	36000	sigma
GFP_obs	condition1	667.421	36600	sigma
GFP_obs	condition1	672.04	37200	sigma
GFP_obs	condition1	674.696	37800	sigma
GFP_obs	condition1	684.374	38400	sigma
GFP_obs	condition1	687.57	39000	sigma
GFP_obs	condition1	690.131	39600	sigma
GFP_obs	condition1	693.003	40200	sigma
GFP_obs	condition1	682.427	40800	sigma
GFP_obs	condition1	669.845	41400	sigma
GFP_obs	condition1	658.653	42000	sigma
GFP_obs	condition1	571.173	42600	sigma
GFP_obs	condition1	635.594	43200	sigma
GFP_obs	condition1	618.724	43800	sigma
GFP_obs	condition1	616.086	44400	sigma
GFP_obs	condition1	601.792	45000	sigma
GFP_obs	condition1	597.569	45600	sigma
GFP_obs	condition1	595.365	46200	sigma
GFP_obs	condition1	591.52	46800	sigma
GFP_obs	condition1	591.653	47400	sigma
GFP_obs	condition1	591.859	48000	sigma
GFP_obs	condition1	594.412	48600	sigma
GFP_obs	condition1	605.53	49200	sigma
GFP_obs	condition1	604.438	49800	sigma
GFP_obs	condition1	612.653	50400	sigma
GFP_obs	condition1	620.205	51000	sigma
GFP_obs	condition1	634.918	51600	sigma
GFP_obs	condition1	635.593	52200	sigma
GFP_obs	condition1	629.417	52800	sigma
GFP_obs	condition1	637.524	53400	sigma
GFP_obs	condition1	645.033	54000	sigma
GFP_obs	condition1	645.742	54600	sigma
GFP_obs	condition1	645.298	55200	sigma
GFP_obs	condition1	648.604	55800	sigma
GFP_obs	condition1	645.181	56400	sigma
GFP_obs	condition1	644.534	57000	sigma
GFP_obs	condition1	650.403	57600	sigma
GFP_obs	condition1	647.648	58200	sigma
GFP_obs	condition1	645.563	58800	sigma
GFP_obs	condition1	645.455	59400	sigma
GFP_obs	condition1	646.616	60000	sigma
GFP_obs	condition1	647.203	60600	sigma
GFP_obs	condition1	643.561	61200	sigma
GFP_obs	condition1	642.109	61800	sigma
GFP_obs	condition1	638.198	62400	sigma
GFP_obs	condition1	640.338	63000	sigma
GFP_obs	condition1	631.442	63600	sigma
GFP_obs	condition1	624.05	64200	sigma
GFP_obs	condition1	626.063	64800	sigma
GFP_obs	condition1	620.868	65400	sigma
GFP_obs	condition1	617.667	66000	sigma
GFP_obs	condition1	617.284	66600	sigma
GFP_obs	condition1	613.688	67200	sigma
GFP_obs	condition1	601.622	67800	sigma
GFP_obs	condition1	596.201	68400	sigma
GFP_obs	condition1	591.056	69000	sigma
GFP_obs	condition1	597.778	69600	sigma
GFP_obs	condition1	593.987	70200	sigma
GFP_obs	condition1	592.593	70800	sigma
GFP_obs	condition1	592.422	71400	sigma
GFP_obs	condition1	582.725	72000	sigma
GFP_obs	condition1	579.617	72600	sigma
GFP_obs	condition1	576.448	73200	sigma
GFP_obs	condition1	568.267	73800	sigma
GFP_obs	condition1	566.138	74400	sigma
GFP_obs	condition1	562.31	75000	sigma
GFP_obs	condition1	553.005	75600	sigma
GFP_obs	condition1	550.044	76200	sigma
GFP_obs	condition1	545.454	76800	sigma
GFP_obs	condition1	545.349	77400	sigma
GFP_obs	condition1	538.585	78000	sigma
GFP_obs	condition1	530.815	78600	sigma
GFP_obs	condition1	521.419	79200	sigma
GFP_obs	condition1	517.126	79800	sigma
GFP_obs	condition1	518.866	80400	sigma
GFP_obs	condition1	510.363	81000	sigma
GFP_obs	condition1	508.058	81600	sigma
GFP_obs	condition1	499.657	82200	sigma
GFP_obs	condition1	496.765	82800	sigma
GFP_obs	condition1	492.521	83400	sigma
GFP_obs	condition1	486.493	84000	sigma
GFP_obs	condition1	476.949	84600	sigma
GFP_obs	condition1	474.386	85200	sigma
GFP_obs	condition1	468.982	85800	sigma
GFP_obs	condition1	462.726	86400	sigma
GFP_obs	condition1	455.173	87000	sigma
GFP_obs	condition1	450.669	87600	sigma
GFP_obs	condition1	429.35	88200	sigma
GFP_obs	condition1	438.107	88800	sigma
GFP_obs	condition1	428.514	89400	sigma
GFP_obs	condition1	427.024	90000	sigma
GFP_obs	condition1	421.886	90600	sigma
GFP_obs	condition1	410.115	91200	sigma
GFP_obs	condition1	408.64	91800	sigma
GFP_obs	condition1	406.664	92400	sigma
GFP_obs	condition1	401.826	93000	sigma
GFP_obs	condition1	384.168	93600	sigma
GFP_obs	condition1	392.38	94200	sigma
GFP_obs	condition1	383.991	94800	sigma
GFP_obs	condition1	381.387	95400	sigma
GFP_obs	condition1	347.349	96000	sigma
GFP_obs	condition1	366.509	96600	sigma
GFP_obs	condition1	361.146	97200	sigma
GFP_obs	condition1	359.681	97800	sigma
GFP_obs	condition1	355.071	98400	sigma
GFP_obs	condition1	350.581	99000	sigma
GFP_obs	condition1	348.821	99600	sigma
GFP_obs	condition1	337.316	100200	sigma
GFP_obs	condition1	331.595	100800	sigma
GFP_obs	condition1	335.304	101400	sigma
GFP_obs	condition1	327.598	102000	sigma
GFP_obs	condition1	322.783	102600	sigma
GFP_obs	condition1	314.026	103200	sigma
GFP_obs	condition1	307.796	103800	sigma
GFP_obs	condition1	298.018	104400	sigma
GFP_obs	condition1	286.525	105000	sigma
GFP_obs	condition1	292.942	105600	sigma
GFP_obs	condition1	275.046	106200	sigma
GFP_obs	condition1	274.382	106800	sigma
GFP_obs	condition1	275.183	107400	sigma
GFP_obs	condition1	283.432	108000	sigma
GFP_obs	condition1	280.663	108600	sigma
GFP_obs	condition1	7.474	600	sigma
GFP_obs	condition1	7.287	1200	sigma
GFP_obs	condition1	7.266	1800	sigma
GFP_obs	condition1	7.011	2400	sigma
GFP_obs	condition1	6.915	3000	sigma
GFP_obs	condition1	7.117	3600	sigma
GFP_obs	condition1	9.265	4200	sigma
GFP_obs	condition1	8.966	4800	sigma
GFP_obs	condition1	9.434	5400	sigma
GFP_obs	condition1	14.593	6000	sigma
GFP_obs	condition1	43.714	6600	sigma
GFP_obs	condition1	48.508	7200	sigma
GFP_obs	condition1	97.51	7800	sigma
GFP_obs	condition1	122.432	8400	sigma
GFP_obs	condition1	160.155	9000	sigma
GFP_obs	condition1	188.517	9600	sigma
GFP_obs	condition1	221.279	10200	sigma
GFP_obs	condition1	238.131	10800	sigma
GFP_obs	condition1	254.171	11400	sigma
GFP_obs	condition1	272.734	12000	sigma
GFP_obs	condition1	288.401	12600	sigma
GFP_obs	condition1	295.246	13200	sigma
GFP_obs	condition1	332.115	13800	sigma
GFP_obs	condition1	374.39	14400	sigma
GFP_obs	condition1	408.738	15000	sigma
GFP_obs	condition1	444.667	15600	sigma
GFP_obs	condition1	463.398	16200	sigma
GFP_obs	condition1	480.975	16800	sigma
GFP_obs	condition1	498.646	17400	sigma
GFP_obs	condition1	510.682	18000	sigma
GFP_obs	condition1	524.835	18600	sigma
GFP_obs	condition1	563.205	19200	sigma
GFP_obs	condition1	593.383	19800	sigma
GFP_obs	condition1	603.372	20400	sigma
GFP_obs	condition1	583.253	21000	sigma
GFP_obs	condition1	625.114	21600	sigma
GFP_obs	condition1	635.938	22200	sigma
GFP_obs	condition1	660.785	22800	sigma
GFP_obs	condition1	672.16	23400	sigma
GFP_obs	condition1	702.668	24000	sigma
GFP_obs	condition1	722.63	24600	sigma
GFP_obs	condition1	748.13	25200	sigma
GFP_obs	condition1	750.98	25800	sigma
GFP_obs	condition1	743.488	26400	sigma
GFP_obs	condition1	758.252	27000	sigma
GFP_obs	condition1	777.732	27600	sigma
GFP_obs	condition1	787.675	28200	sigma
GFP_obs	condition1	777.554	28800	sigma
GFP_obs	condition1	827.601	29400	sigma
GFP_obs	condition1	845.296	30000	sigma
GFP_obs	condition1	868.77	30600	sigma
GFP_obs	condition1	879.25	31200	sigma
GFP_obs	condition1	889.639	31800	sigma
GFP_obs	condition1	900.929	32400	sigma
GFP_obs	condition1	916.861	33000	sigma
GFP_obs	condition1	921.525	33600	sigma
GFP_obs	condition1	931.97	34200	sigma
GFP_obs	condition1	938.936	34800	sigma
GFP_obs	condition1	936.661	35400	sigma
GFP_obs	condition1	951.681	36000	sigma
GFP_obs	condition1	971.225	36600	sigma
GFP_obs	condition1	970.025	37200	sigma
GFP_obs	condition1	971.226	37800	sigma
GFP_obs	condition1	978.23	38400	sigma
GFP_obs	condition1	995.204	39000	sigma
GFP_obs	condition1	1003.183	39600	sigma
GFP_obs	condition1	1011.458	40200	sigma
GFP_obs	condition1	1013.85	40800	sigma
GFP_obs	condition1	1015.834	41400	sigma
GFP_obs	condition1	1017.457	42000	sigma
GFP_obs	condition1	1020.488	42600	sigma
GFP_obs	condition1	1018.503	43200	sigma
GFP_obs	condition1	1007.63	43800	sigma
GFP_obs	condition1	992.278	44400	sigma
GFP_obs	condition1	981.347	45000	sigma
GFP_obs	condition1	973.984	45600	sigma
GFP_obs	condition1	962.95	46200	sigma
GFP_obs	condition1	945.753	46800	sigma
GFP_obs	condition1	944.084	47400	sigma
GFP_obs	condition1	934.821	48000	sigma
GFP_obs	condition1	918.804	48600	sigma
GFP_obs	condition1	921.703	49200	sigma
GFP_obs	condition1	903.988	49800	sigma
GFP_obs	condition1	894.192	50400	sigma
GFP_obs	condition1	897.896	51000	sigma
GFP_obs	condition1	893.099	51600	sigma
GFP_obs	condition1	879.613	52200	sigma
GFP_obs	condition1	862.406	52800	sigma
GFP_obs	condition1	850.228	53400	sigma
GFP_obs	condition1	850.718	54000	sigma
GFP_obs	condition1	839.76	54600	sigma
GFP_obs	condition1	815.813	55200	sigma
GFP_obs	condition1	817.954	55800	sigma
GFP_obs	condition1	790.31	56400	sigma
GFP_obs	condition1	790.05	57000	sigma
GFP_obs	condition1	770.429	57600	sigma
GFP_obs	condition1	757.024	58200	sigma
GFP_obs	condition1	760.833	58800	sigma
GFP_obs	condition1	747.675	59400	sigma
GFP_obs	condition1	755.264	60000	sigma
GFP_obs	condition1	748.46	60600	sigma
GFP_obs	condition1	731.707	61200	sigma
GFP_obs	condition1	750.481	61800	sigma
GFP_obs	condition1	744.201	62400	sigma
GFP_obs	condition1	719.095	63000	sigma
GFP_obs	condition1	724.294	63600	sigma
GFP_obs	condition1	728.033	64200	sigma
GFP_obs	condition1	730.125	64800	sigma
GFP_obs	condition1	719.009	65400	sigma
GFP_obs	condition1	708.031	66000	sigma
GFP_obs	condition1	705.497	66600	sigma
GFP_obs	condition1	693.269	67200	sigma
GFP_obs	condition1	688.668	67800	sigma
GFP_obs	condition1	682.81	68400	sigma
GFP_obs	condition1	672.97	69000	sigma
GFP_obs	condition1	667.421	69600	sigma
GFP_obs	condition1	663.169	70200	sigma
GFP_obs	condition1	656.268	70800	sigma
GFP_obs	condition1	645.761	71400	sigma
GFP_obs	condition1	638.263	72000	sigma
GFP_obs	condition1	630.259	72600	sigma
GFP_obs	condition1	626.046	73200	sigma
GFP_obs	condition1	623.316	73800	sigma
GFP_obs	condition1	617.386	74400	sigma
GFP_obs	condition1	607.302	75000	sigma
GFP_obs	condition1	596.839	75600	sigma
GFP_obs	condition1	585.153	76200	sigma
GFP_obs	condition1	572.534	76800	sigma
GFP_obs	condition1	571.446	77400	sigma
GFP_obs	condition1	565.417	78000	sigma
GFP_obs	condition1	547.106	78600	sigma
GFP_obs	condition1	545.613	79200	sigma
GFP_obs	condition1	544.146	79800	sigma
GFP_obs	condition1	534.677	80400	sigma
GFP_obs	condition1	532.459	81000	sigma
GFP_obs	condition1	520.992	81600	sigma
GFP_obs	condition1	518.165	82200	sigma
GFP_obs	condition1	512.016	82800	sigma
GFP_obs	condition1	502.279	83400	sigma
GFP_obs	condition1	495.62	84000	sigma
GFP_obs	condition1	488.246	84600	sigma
GFP_obs	condition1	483.81	85200	sigma
GFP_obs	condition1	475.368	85800	sigma
GFP_obs	condition1	470.904	86400	sigma
GFP_obs	condition1	462.052	87000	sigma
GFP_obs	condition1	457.966	87600	sigma
GFP_obs	condition1	453.503	88200	sigma
GFP_obs	condition1	447.311	88800	sigma
GFP_obs	condition1	438.363	89400	sigma
GFP_obs	condition1	436.779	90000	sigma
GFP_obs	condition1	428.723	90600	sigma
GFP_obs	condition1	421.562	91200	sigma
GFP_obs	condition1	418.07	91800	sigma
GFP_obs	condition1	412.33	92400	sigma
GFP_obs	condition1	406.033	93000	sigma
GFP_obs	condition1	397.98	93600	sigma
GFP_obs	condition1	392.862	94200	sigma
GFP_obs	condition1	388.964	94800	sigma
GFP_obs	condition1	383.534	95400	sigma
GFP_obs	condition1	377.712	96000	sigma
GFP_obs	condition1	370.707	96600	sigma
GFP_obs	condition1	368.638	97200	sigma
GFP_obs	condition1	362.322	97800	sigma
GFP_obs	condition1	358.516	98400	sigma
GFP_obs	condition1	355.253	99000	sigma
GFP_obs	condition1	352.895	99600	sigma
GFP_obs	condition1	344.92	100200	sigma
GFP_obs	condition1	342.462	100800	sigma
GFP_obs	condition1	337.313	101400	sigma
GFP_obs	condition1	334.57	102000	sigma
GFP_obs	condition1	328.982	102600	sigma
GFP_obs	condition1	326.428	103200	sigma
GFP_obs	condition1	322.701	103800	sigma
GFP_obs	condition1	317.353	104400	sigma
GFP_obs	condition1	311.787	105000	sigma
GFP_obs	condition1	310.335	105600	sigma
GFP_obs	condition1	307.414	106200	sigma
GFP_obs	condition1	303.286	106800	sigma
GFP_obs	condition1	297.34	107400	sigma
GFP_obs	condition1	296.574	108000	sigma
GFP_obs	condition1	291.16	108600	sigma
GFP_obs	condition1	7.346	600	sigma
GFP_obs	condition1	7.202	1200	sigma
GFP_obs	condition1	7.321	1800	sigma
GFP_obs	condition1	7.121	2400	sigma
GFP_obs	condition1	7.089	3000	sigma
GFP_obs	condition1	7.521	3600	sigma
GFP_obs	condition1	21.347	4200	sigma
GFP_obs	condition1	41.522	4800	sigma
GFP_obs	condition1	60.355	5400	sigma
GFP_obs	condition1	68.629	6000	sigma
GFP_obs	condition1	80.957	6600	sigma
GFP_obs	condition1	114.348	7200	sigma
GFP_obs	condition1	130.339	7800	sigma
GFP_obs	condition1	146.749	8400	sigma
GFP_obs	condition1	158.207	9000	sigma
GFP_obs	condition1	168.677	9600	sigma
GFP_obs	condition1	178.046	10200	sigma
GFP_obs	condition1	190.134	10800	sigma
GFP_obs	condition1	199.988	11400	sigma
GFP_obs	condition1	217.754	12000	sigma
GFP_obs	condition1	231.315	12600	sigma
GFP_obs	condition1	247.329	13200	sigma
GFP_obs	condition1	263.739	13800	sigma
GFP_obs	condition1	276.671	14400	sigma
GFP_obs	condition1	289.789	15000	sigma
GFP_obs	condition1	307.548	15600	sigma
GFP_obs	condition1	326.037	16200	sigma
GFP_obs	condition1	341.743	16800	sigma
GFP_obs	condition1	348.566	17400	sigma
GFP_obs	condition1	354.846	18000	sigma
GFP_obs	condition1	363.437	18600	sigma
GFP_obs	condition1	387.143	19200	sigma
GFP_obs	condition1	394.634	19800	sigma
GFP_obs	condition1	402.13	20400	sigma
GFP_obs	condition1	408.813	21000	sigma
GFP_obs	condition1	422.402	21600	sigma
GFP_obs	condition1	428.52	22200	sigma
GFP_obs	condition1	435.016	22800	sigma
GFP_obs	condition1	435.765	23400	sigma
GFP_obs	condition1	435.088	24000	sigma
GFP_obs	condition1	437.425	24600	sigma
GFP_obs	condition1	439.372	25200	sigma
GFP_obs	condition1	445.973	25800	sigma
GFP_obs	condition1	447.41	26400	sigma
GFP_obs	condition1	451.236	27000	sigma
GFP_obs	condition1	460.795	27600	sigma
GFP_obs	condition1	466.266	28200	sigma
GFP_obs	condition1	463.182	28800	sigma
GFP_obs	condition1	465.512	29400	sigma
GFP_obs	condition1	462.801	30000	sigma
GFP_obs	condition1	470.373	30600	sigma
GFP_obs	condition1	486.658	31200	sigma
GFP_obs	condition1	479.576	31800	sigma
GFP_obs	condition1	482.862	32400	sigma
GFP_obs	condition1	477.637	33000	sigma
GFP_obs	condition1	481.155	33600	sigma
GFP_obs	condition1	480.539	34200	sigma
GFP_obs	condition1	479.264	34800	sigma
GFP_obs	condition1	482.707	35400	sigma
GFP_obs	condition1	481.533	36000	sigma
GFP_obs	condition1	487.703	36600	sigma
GFP_obs	condition1	472.685	37200	sigma
GFP_obs	condition1	475.006	37800	sigma
GFP_obs	condition1	472.268	38400	sigma
GFP_obs	condition1	471.647	39000	sigma
GFP_obs	condition1	473.684	39600	sigma
GFP_obs	condition1	469.818	40200	sigma
GFP_obs	condition1	468.983	40800	sigma
GFP_obs	condition1	462.766	41400	sigma
GFP_obs	condition1	467.806	42000	sigma
GFP_obs	condition1	461.597	42600	sigma
GFP_obs	condition1	457.082	43200	sigma
GFP_obs	condition1	455.059	43800	sigma
GFP_obs	condition1	453.122	44400	sigma
GFP_obs	condition1	447.85	45000	sigma
GFP_obs	condition1	442.574	45600	sigma
GFP_obs	condition1	443.525	46200	sigma
GFP_obs	condition1	436.556	46800	sigma
GFP_obs	condition1	434.254	47400	sigma
GFP_obs	condition1	430.637	48000	sigma
GFP_obs	condition1	428.569	48600	sigma
GFP_obs	condition1	422.351	49200	sigma
GFP_obs	condition1	418.814	49800	sigma
GFP_obs	condition1	417.434	50400	sigma
GFP_obs	condition1	410.042	51000	sigma
GFP_obs	condition1	405.774	51600	sigma
GFP_obs	condition1	404.463	52200	sigma
GFP_obs	condition1	398.255	52800	sigma
GFP_obs	condition1	395.15	53400	sigma
GFP_obs	condition1	391.174	54000	sigma
GFP_obs	condition1	385.669	54600	sigma
GFP_obs	condition1	384.37	55200	sigma
GFP_obs	condition1	383.344	55800	sigma
GFP_obs	condition1	397.739	56400	sigma
GFP_obs	condition1	398.133	57000	sigma
GFP_obs	condition1	392.702	57600	sigma
GFP_obs	condition1	384.307	58200	sigma
GFP_obs	condition1	381.085	58800	sigma
GFP_obs	condition1	370.452	59400	sigma
GFP_obs	condition1	348.211	60000	sigma
GFP_obs	condition1	341.752	60600	sigma
GFP_obs	condition1	340.261	61200	sigma
GFP_obs	condition1	332.444	61800	sigma
GFP_obs	condition1	334.854	62400	sigma
GFP_obs	condition1	321.329	63000	sigma
GFP_obs	condition1	317.446	63600	sigma
GFP_obs	condition1	313.421	64200	sigma
GFP_obs	condition1	315.34	64800	sigma
GFP_obs	condition1	316.408	65400	sigma
GFP_obs	condition1	309.485	66000	sigma
GFP_obs	condition1	310.359	66600	sigma
GFP_obs	condition1	307.716	67200	sigma
GFP_obs	condition1	307.538	67800	sigma
GFP_obs	condition1	299.615	68400	sigma
GFP_obs	condition1	297.844	69000	sigma
GFP_obs	condition1	291.577	69600	sigma
GFP_obs	condition1	279.67	70200	sigma
GFP_obs	condition1	276.629	70800	sigma
GFP_obs	condition1	282.536	71400	sigma
GFP_obs	condition1	276.823	72000	sigma
GFP_obs	condition1	270.618	72600	sigma
GFP_obs	condition1	262.77	73200	sigma
GFP_obs	condition1	260.413	73800	sigma
GFP_obs	condition1	256.697	74400	sigma
GFP_obs	condition1	253.965	75000	sigma
GFP_obs	condition1	254.424	75600	sigma
GFP_obs	condition1	249.318	76200	sigma
GFP_obs	condition1	248.639	76800	sigma
GFP_obs	condition1	239.586	77400	sigma
GFP_obs	condition1	238.567	78000	sigma
GFP_obs	condition1	236.509	78600	sigma
GFP_obs	condition1	236.687	79200	sigma
GFP_obs	condition1	228.764	79800	sigma
GFP_obs	condition1	222.168	80400	sigma
GFP_obs	condition1	216.883	81000	sigma
GFP_obs	condition1	221.623	81600	sigma
GFP_obs	condition1	210.147	82200	sigma
GFP_obs	condition1	205.707	82800	sigma
GFP_obs	condition1	205.573	83400	sigma
GFP_obs	condition1	204.896	84000	sigma
GFP_obs	condition1	198.02	84600	sigma
GFP_obs	condition1	196.339	85200	sigma
GFP_obs	condition1	192.414	85800	sigma
GFP_obs	condition1	191.627	86400	sigma
GFP_obs	condition1	190.925	87000	sigma
GFP_obs	condition1	189.286	87600	sigma
GFP_obs	condition1	185.472	88200	sigma
GFP_obs	condition1	184.364	88800	sigma
GFP_obs	condition1	176.033	89400	sigma
GFP_obs	condition1	177.394	90000	sigma
GFP_obs	condition1	175.578	90600	sigma
GFP_obs	condition1	168.195	91200	sigma
GFP_obs	condition1	163.193	91800	sigma
GFP_obs	condition1	164.226	92400	sigma
GFP_obs	condition1	161.141	93000	sigma
GFP_obs	condition1	158.877	93600	sigma
GFP_obs	condition1	152.933	94200	sigma
GFP_obs	condition1	152.421	94800	sigma
GFP_obs	condition1	153.167	95400	sigma
GFP_obs	condition1	148.769	96000	sigma
GFP_obs	condition1	149.621	96600	sigma
GFP_obs	condition1	142.682	97200	sigma
GFP_obs	condition1	145.979	97800	sigma
GFP_obs	condition1	141.366	98400	sigma
GFP_obs	condition1	142.1	99000	sigma
GFP_obs	condition1	138.557	99600	sigma
GFP_obs	condition1	140.581	100200	sigma
GFP_obs	condition1	130.884	100800	sigma
GFP_obs	condition1	134.362	101400	sigma
GFP_obs	condition1	131.177	102000	sigma
GFP_obs	condition1	124.995	102600	sigma
GFP_obs	condition1	124.394	103200	sigma
GFP_obs	condition1	124.153	103800	sigma
GFP_obs	condition1	122.67	104400	sigma
GFP_obs	condition1	122.99	105000	sigma
GFP_obs	condition1	123.705	105600	sigma
GFP_obs	condition1	119.517	106200	sigma
GFP_obs	condition1	117.639	106800	sigma
GFP_obs	condition1	112.299	107400	sigma
GFP_obs	condition1	113.37	108000	sigma
GFP_obs	condition1	110.47	108600	sigma
GFP_obs	condition1	7.093	600	sigma
GFP_obs	condition1	7.212	1200	sigma
GFP_obs	condition1	7.096	1800	sigma
GFP_obs	condition1	7.112	2400	sigma
GFP_obs	condition1	7.084	3000	sigma
GFP_obs	condition1	7.063	3600	sigma
GFP_obs	condition1	9.003	4200	sigma
GFP_obs	condition1	9.002	4800	sigma
GFP_obs	condition1	8.528	5400	sigma
GFP_obs	condition1	8.709	6000	sigma
GFP_obs	condition1	8.611	6600	sigma
GFP_obs	condition1	9.263	7200	sigma
GFP_obs	condition1	9.278	7800	sigma
GFP_obs	condition1	9.382	8400	sigma
GFP_obs	condition1	9.629	9000	sigma
GFP_obs	condition1	9.653	9600	sigma
GFP_obs	condition1	9.484	10200	sigma
GFP_obs	condition1	9.392	10800	sigma
GFP_obs	condition1	9.652	11400	sigma
GFP_obs	condition1	10.105	12000	sigma
GFP_obs	condition1	10.779	12600	sigma
GFP_obs	condition1	11.374	13200	sigma
GFP_obs	condition1	14.746	13800	sigma
GFP_obs	condition1	12.941	14400	sigma
GFP_obs	condition1	15.083	15000	sigma
GFP_obs	condition1	21.318	15600	sigma
GFP_obs	condition1	26.946	16200	sigma
GFP_obs	condition1	66.863	16800	sigma
GFP_obs	condition1	69.58	17400	sigma
GFP_obs	condition1	64.236	18000	sigma
GFP_obs	condition1	78.854	18600	sigma
GFP_obs	condition1	90.691	19200	sigma
GFP_obs	condition1	111.625	19800	sigma
GFP_obs	condition1	93.664	20400	sigma
GFP_obs	condition1	122.485	21000	sigma
GFP_obs	condition1	149.267	21600	sigma
GFP_obs	condition1	134.322	22200	sigma
GFP_obs	condition1	147.782	22800	sigma
GFP_obs	condition1	172.183	23400	sigma
GFP_obs	condition1	189.703	24000	sigma
GFP_obs	condition1	175.903	24600	sigma
GFP_obs	condition1	188.09	25200	sigma
GFP_obs	condition1	203.23	25800	sigma
GFP_obs	condition1	207.261	26400	sigma
GFP_obs	condition1	207.777	27000	sigma
GFP_obs	condition1	213.321	27600	sigma
GFP_obs	condition1	226.636	28200	sigma
GFP_obs	condition1	232.234	28800	sigma
GFP_obs	condition1	236.412	29400	sigma
GFP_obs	condition1	241.666	30000	sigma
GFP_obs	condition1	249.664	30600	sigma
GFP_obs	condition1	251.474	31200	sigma
GFP_obs	condition1	254.621	31800	sigma
GFP_obs	condition1	259.033	32400	sigma
GFP_obs	condition1	257.94	33000	sigma
GFP_obs	condition1	270.266	33600	sigma
GFP_obs	condition1	269.763	34200	sigma
GFP_obs	condition1	272.478	34800	sigma
GFP_obs	condition1	276.037	35400	sigma
GFP_obs	condition1	278.222	36000	sigma
GFP_obs	condition1	274.957	36600	sigma
GFP_obs	condition1	273.297	37200	sigma
GFP_obs	condition1	271.781	37800	sigma
GFP_obs	condition1	269.911	38400	sigma
GFP_obs	condition1	269.756	39000	sigma
GFP_obs	condition1	275.512	39600	sigma
GFP_obs	condition1	275.871	40200	sigma
GFP_obs	condition1	277.424	40800	sigma
GFP_obs	condition1	275.727	41400	sigma
GFP_obs	condition1	282.8	42000	sigma
GFP_obs	condition1	272.41	42600	sigma
GFP_obs	condition1	270.547	43200	sigma
GFP_obs	condition1	263.393	43800	sigma
GFP_obs	condition1	263.101	44400	sigma
GFP_obs	condition1	270.321	45000	sigma
GFP_obs	condition1	284.128	45600	sigma
GFP_obs	condition1	296.745	46200	sigma
GFP_obs	condition1	298.729	46800	sigma
GFP_obs	condition1	296.886	47400	sigma
GFP_obs	condition1	295.97	48000	sigma
GFP_obs	condition1	298.075	48600	sigma
GFP_obs	condition1	299.895	49200	sigma
GFP_obs	condition1	300.695	49800	sigma
GFP_obs	condition1	301.55	50400	sigma
GFP_obs	condition1	290.541	51000	sigma
GFP_obs	condition1	292.383	51600	sigma
GFP_obs	condition1	284.588	52200	sigma
GFP_obs	condition1	286.291	52800	sigma
GFP_obs	condition1	286.596	53400	sigma
GFP_obs	condition1	284.177	54000	sigma
GFP_obs	condition1	283.058	54600	sigma
GFP_obs	condition1	276.744	55200	sigma
GFP_obs	condition1	279.338	55800	sigma
GFP_obs	condition1	276.087	56400	sigma
GFP_obs	condition1	274.785	57000	sigma
GFP_obs	condition1	270.616	57600	sigma
GFP_obs	condition1	270.672	58200	sigma
GFP_obs	condition1	268.534	58800	sigma
GFP_obs	condition1	265.798	59400	sigma
GFP_obs	condition1	262.765	60000	sigma
GFP_obs	condition1	258.591	60600	sigma
GFP_obs	condition1	255.485	61200	sigma
GFP_obs	condition1	252.336	61800	sigma
GFP_obs	condition1	247.57	62400	sigma
GFP_obs	condition1	249.394	63000	sigma
GFP_obs	condition1	245.262	63600	sigma
GFP_obs	condition1	243.785	64200	sigma
GFP_obs	condition1	241.257	64800	sigma
GFP_obs	condition1	236.761	65400	sigma
GFP_obs	condition1	233.592	66000	sigma
GFP_obs	condition1	230.096	66600	sigma
GFP_obs	condition1	219.292	67200	sigma
GFP_obs	condition1	224.996	67800	sigma
GFP_obs	condition1	222.043	68400	sigma
GFP_obs	condition1	219.697	69000	sigma
GFP_obs	condition1	216.127	69600	sigma
GFP_obs	condition1	213.238	70200	sigma
GFP_obs	condition1	212.062	70800	sigma
GFP_obs	condition1	210.197	71400	sigma
GFP_obs	condition1	206.956	72000	sigma
GFP_obs	condition1	204.397	72600	sigma
GFP_obs	condition1	202.241	73200	sigma
GFP_obs	condition1	199.239	73800	sigma
GFP_obs	condition1	195.879	74400	sigma
GFP_obs	condition1	194.315	75000	sigma
GFP_obs	condition1	190.876	75600	sigma
GFP_obs	condition1	187.309	76200	sigma
GFP_obs	condition1	186.13	76800	sigma
GFP_obs	condition1	181.565	77400	sigma
GFP_obs	condition1	181.015	78000	sigma
GFP_obs	condition1	177.686	78600	sigma
GFP_obs	condition1	172.619	79200	sigma
GFP_obs	condition1	171.987	79800	sigma
GFP_obs	condition1	167.592	80400	sigma
GFP_obs	condition1	162.83	81000	sigma
GFP_obs	condition1	164.522	81600	sigma
GFP_obs	condition1	162.535	82200	sigma
GFP_obs	condition1	158.946	82800	sigma
GFP_obs	condition1	157.457	83400	sigma
GFP_obs	condition1	154.845	84000	sigma
GFP_obs	condition1	152.796	84600	sigma
GFP_obs	condition1	149.517	85200	sigma
GFP_obs	condition1	148.049	85800	sigma
GFP_obs	condition1	146.091	86400	sigma
GFP_obs	condition1	142.51	87000	sigma
GFP_obs	condition1	141.83	87600	sigma
GFP_obs	condition1	140.464	88200	sigma
GFP_obs	condition1	138.309	88800	sigma
GFP_obs	condition1	133.329	89400	sigma
GFP_obs	condition1	133.936	90000	sigma
GFP_obs	condition1	130.276	90600	sigma
GFP_obs	condition1	127.974	91200	sigma
GFP_obs	condition1	125.047	91800	sigma
GFP_obs	condition1	125.276	92400	sigma
GFP_obs	condition1	122.083	93000	sigma
GFP_obs	condition1	118.179	93600	sigma
GFP_obs	condition1	120.551	94200	sigma
GFP_obs	condition1	116.063	94800	sigma
GFP_obs	condition1	106.551	95400	sigma
GFP_obs	condition1	112.826	96000	sigma
GFP_obs	condition1	110.798	96600	sigma
GFP_obs	condition1	100.81	97200	sigma
GFP_obs	condition1	105.936	97800	sigma
GFP_obs	condition1	96.602	98400	sigma
GFP_obs	condition1	101.154	99000	sigma
GFP_obs	condition1	95.099	99600	sigma
GFP_obs	condition1	98.393	100200	sigma
GFP_obs	condition1	89.709	100800	sigma
GFP_obs	condition1	95.586	101400	sigma
GFP_obs	condition1	89.653	102000	sigma
GFP_obs	condition1	91.644	102600	sigma
GFP_obs	condition1	84.875	103200	sigma
GFP_obs	condition1	77.118	103800	sigma
GFP_obs	condition1	73.668	104400	sigma
GFP_obs	condition1	81.543	105000	sigma
GFP_obs	condition1	59.016	105600	sigma
GFP_obs	condition1	73.863	106200	sigma
GFP_obs	condition1	71.986	106800	sigma
GFP_obs	condition1	64.803	107400	sigma
GFP_obs	condition1	69.197	108000	sigma
GFP_obs	condition1	53.405	108600	sigma
GFP_obs	condition1	7.522	600	sigma
GFP_obs	condition1	7.322	1200	sigma
GFP_obs	condition1	7.045	1800	sigma
GFP_obs	condition1	7.076	2400	sigma
GFP_obs	condition1	7.193	3000	sigma
GFP_obs	condition1	7.215	3600	sigma
GFP_obs	condition1	8.818	4200	sigma
GFP_obs	condition1	8.444	4800	sigma
GFP_obs	condition1	8.767	5400	sigma
GFP_obs	condition1	8.855	6000	sigma
GFP_obs	condition1	10.062	6600	sigma
GFP_obs	condition1	10.617	7200	sigma
GFP_obs	condition1	12.77	7800	sigma
GFP_obs	condition1	23.64	8400	sigma
GFP_obs	condition1	25.191	9000	sigma
GFP_obs	condition1	79.888	9600	sigma
GFP_obs	condition1	125.821	10200	sigma
GFP_obs	condition1	163.985	10800	sigma
GFP_obs	condition1	194.93	11400	sigma
GFP_obs	condition1	217.31	12000	sigma
GFP_obs	condition1	235.842	12600	sigma
GFP_obs	condition1	259.656	13200	sigma
GFP_obs	condition1	280.251	13800	sigma
GFP_obs	condition1	303.22	14400	sigma
GFP_obs	condition1	323.212	15000	sigma
GFP_obs	condition1	340.451	15600	sigma
GFP_obs	condition1	362.172	16200	sigma
GFP_obs	condition1	380.485	16800	sigma
GFP_obs	condition1	396.648	17400	sigma
GFP_obs	condition1	420.827	18000	sigma
GFP_obs	condition1	436.945	18600	sigma
GFP_obs	condition1	452.448	19200	sigma
GFP_obs	condition1	466.859	19800	sigma
GFP_obs	condition1	485.517	20400	sigma
GFP_obs	condition1	499.416	21000	sigma
GFP_obs	condition1	514.109	21600	sigma
GFP_obs	condition1	525.27	22200	sigma
GFP_obs	condition1	544.922	22800	sigma
GFP_obs	condition1	556.649	23400	sigma
GFP_obs	condition1	570.084	24000	sigma
GFP_obs	condition1	583.794	24600	sigma
GFP_obs	condition1	594.377	25200	sigma
GFP_obs	condition1	608.018	25800	sigma
GFP_obs	condition1	617.635	26400	sigma
GFP_obs	condition1	632.922	27000	sigma
GFP_obs	condition1	643.767	27600	sigma
GFP_obs	condition1	655.078	28200	sigma
GFP_obs	condition1	670.121	28800	sigma
GFP_obs	condition1	675.476	29400	sigma
GFP_obs	condition1	688.385	30000	sigma
GFP_obs	condition1	702.612	30600	sigma
GFP_obs	condition1	711.339	31200	sigma
GFP_obs	condition1	721.5	31800	sigma
GFP_obs	condition1	730.886	32400	sigma
GFP_obs	condition1	738.163	33000	sigma
GFP_obs	condition1	743.946	33600	sigma
GFP_obs	condition1	745.539	34200	sigma
GFP_obs	condition1	762.178	34800	sigma
GFP_obs	condition1	765.295	35400	sigma
GFP_obs	condition1	777.1	36000	sigma
GFP_obs	condition1	783.752	36600	sigma
GFP_obs	condition1	789.734	37200	sigma
GFP_obs	condition1	797.251	37800	sigma
GFP_obs	condition1	804.948	38400	sigma
GFP_obs	condition1	808.623	39000	sigma
GFP_obs	condition1	813.206	39600	sigma
GFP_obs	condition1	821.387	40200	sigma
GFP_obs	condition1	827.158	40800	sigma
GFP_obs	condition1	828.621	41400	sigma
GFP_obs	condition1	831.817	42000	sigma
GFP_obs	condition1	834.963	42600	sigma
GFP_obs	condition1	842.619	43200	sigma
GFP_obs	condition1	844.246	43800	sigma
GFP_obs	condition1	846.277	44400	sigma
GFP_obs	condition1	845.946	45000	sigma
GFP_obs	condition1	855.217	45600	sigma
GFP_obs	condition1	851.896	46200	sigma
GFP_obs	condition1	850.96	46800	sigma
GFP_obs	condition1	852.353	47400	sigma
GFP_obs	condition1	845.582	48000	sigma
GFP_obs	condition1	853.411	48600	sigma
GFP_obs	condition1	847.745	49200	sigma
GFP_obs	condition1	846.059	49800	sigma
GFP_obs	condition1	851.609	50400	sigma
GFP_obs	condition1	851.755	51000	sigma
GFP_obs	condition1	858.01	51600	sigma
GFP_obs	condition1	844.962	52200	sigma
GFP_obs	condition1	843.636	52800	sigma
GFP_obs	condition1	843.702	53400	sigma
GFP_obs	condition1	832.782	54000	sigma
GFP_obs	condition1	844.98	54600	sigma
GFP_obs	condition1	846.224	55200	sigma
GFP_obs	condition1	844.364	55800	sigma
GFP_obs	condition1	842.027	56400	sigma
GFP_obs	condition1	839.862	57000	sigma
GFP_obs	condition1	837.863	57600	sigma
GFP_obs	condition1	834.753	58200	sigma
GFP_obs	condition1	825.006	58800	sigma
GFP_obs	condition1	818.928	59400	sigma
GFP_obs	condition1	818.138	60000	sigma
GFP_obs	condition1	813.364	60600	sigma
GFP_obs	condition1	808.524	61200	sigma
GFP_obs	condition1	808.092	61800	sigma
GFP_obs	condition1	805.596	62400	sigma
GFP_obs	condition1	803.448	63000	sigma
GFP_obs	condition1	788.265	63600	sigma
GFP_obs	condition1	776.973	64200	sigma
GFP_obs	condition1	777.425	64800	sigma
GFP_obs	condition1	772.266	65400	sigma
GFP_obs	condition1	773.887	66000	sigma
GFP_obs	condition1	763.706	66600	sigma
GFP_obs	condition1	753.676	67200	sigma
GFP_obs	condition1	750.759	67800	sigma
GFP_obs	condition1	745.243	68400	sigma
GFP_obs	condition1	739.878	69000	sigma
GFP_obs	condition1	736.227	69600	sigma
GFP_obs	condition1	725.136	70200	sigma
GFP_obs	condition1	719.379	70800	sigma
GFP_obs	condition1	714.443	71400	sigma
GFP_obs	condition1	709.017	72000	sigma
GFP_obs	condition1	701.763	72600	sigma
GFP_obs	condition1	696.336	73200	sigma
GFP_obs	condition1	686.855	73800	sigma
GFP_obs	condition1	680.281	74400	sigma
GFP_obs	condition1	672.436	75000	sigma
GFP_obs	condition1	662.827	75600	sigma
GFP_obs	condition1	651.295	76200	sigma
GFP_obs	condition1	644.176	76800	sigma
GFP_obs	condition1	634.392	77400	sigma
GFP_obs	condition1	629.681	78000	sigma
GFP_obs	condition1	626.369	78600	sigma
GFP_obs	condition1	613.337	79200	sigma
GFP_obs	condition1	596.702	79800	sigma
GFP_obs	condition1	591.033	80400	sigma
GFP_obs	condition1	581.178	81000	sigma
GFP_obs	condition1	584.268	81600	sigma
GFP_obs	condition1	573.651	82200	sigma
GFP_obs	condition1	566.95	82800	sigma
GFP_obs	condition1	549.735	83400	sigma
GFP_obs	condition1	551.057	84000	sigma
GFP_obs	condition1	538.18	84600	sigma
GFP_obs	condition1	530.971	85200	sigma
GFP_obs	condition1	524.315	85800	sigma
GFP_obs	condition1	516.835	86400	sigma
GFP_obs	condition1	502.021	87000	sigma
GFP_obs	condition1	500.47	87600	sigma
GFP_obs	condition1	496.17	88200	sigma
GFP_obs	condition1	484.81	88800	sigma
GFP_obs	condition1	478.682	89400	sigma
GFP_obs	condition1	469.92	90000	sigma
GFP_obs	condition1	463.768	90600	sigma
GFP_obs	condition1	450.429	91200	sigma
GFP_obs	condition1	446.507	91800	sigma
GFP_obs	condition1	439.289	92400	sigma
GFP_obs	condition1	433.983	93000	sigma
GFP_obs	condition1	426.372	93600	sigma
GFP_obs	condition1	423.802	94200	sigma
GFP_obs	condition1	414.373	94800	sigma
GFP_obs	condition1	406.326	95400	sigma
GFP_obs	condition1	397.245	96000	sigma
GFP_obs	condition1	391.696	96600	sigma
GFP_obs	condition1	382.423	97200	sigma
GFP_obs	condition1	377.62	97800	sigma
GFP_obs	condition1	371.606	98400	sigma
GFP_obs	condition1	366.747	99000	sigma
GFP_obs	condition1	360.914	99600	sigma
GFP_obs	condition1	355.189	100200	sigma
GFP_obs	condition1	352.768	100800	sigma
GFP_obs	condition1	346.606	101400	sigma
GFP_obs	condition1	340.67	102000	sigma
GFP_obs	condition1	337.618	102600	sigma
GFP_obs	condition1	331.921	103200	sigma
GFP_obs	condition1	323.844	103800	sigma
GFP_obs	condition1	319.214	104400	sigma
GFP_obs	condition1	313.869	105000	sigma
GFP_obs	condition1	309.75	105600	sigma
GFP_obs	condition1	305.056	106200	sigma
GFP_obs	condition1	296.364	106800	sigma
GFP_obs	condition1	290.634	107400	sigma
GFP_obs	condition1	287.857	108000	sigma
GFP_obs	condition1	285.322	108600	sigma_obs